# s_m; t_s; delta_rad; f_drive_N; f_brake_N; gamma_y_N
0.0; 0.000; -0.00038; 5598.1; -0.0; -40.8
3.0; 0.073; -0.00041; 5564.1; -0.0; -43.4
6.0; 0.146; -0.00043; 5531.1; -0.0; -46.2
9.0; 0.218; -0.00045; 5499.1; -0.0; -49.3
12.0; 0.290; -0.00048; 5467.9; -0.0; -52.6
15.0; 0.362; -0.00051; 5437.7; -0.0; -56.2
18.0; 0.433; -0.00054; 5408.2; -0.0; -60.1
21.0; 0.504; -0.00057; 5379.6; -0.0; -64.3
24.0; 0.574; -0.00061; 5351.7; -0.0; -68.8
27.0; 0.644; -0.00064; 5324.5; -0.0; -73.7
30.0; 0.714; -0.00068; 5298.0; -0.0; -78.9
33.0; 0.783; -0.00073; 5272.2; -0.0; -84.6
36.0; 0.852; -0.00078; 5247.0; -0.0; -90.7
39.0; 0.921; -0.00083; 5222.5; -0.0; -97.3
42.0; 0.989; -0.00088; 5198.5; -0.0; -104.4
45.0; 1.057; -0.00094; 5175.1; -0.0; -112.1
48.0; 1.125; -0.00100; 5152.3; -0.0; -120.4
51.0; 1.192; -0.00107; 5129.9; -0.0; -129.4
54.0; 1.259; -0.00114; 5108.1; -0.0; -139.0
57.0; 1.326; -0.00122; 5086.8; -0.0; -149.4
60.0; 1.393; -0.00130; 5065.9; -0.0; -160.7
63.0; 1.459; -0.00139; 5045.5; -0.0; -172.8
66.0; 1.525; -0.00149; 5025.6; -0.0; -185.9
69.0; 1.591; -0.00159; 5006.0; -0.0; -200.1
72.0; 1.656; -0.00170; 4986.9; -0.0; -215.4
75.0; 1.721; -0.00182; 4968.2; -0.0; -231.9
78.0; 1.786; -0.00195; 4949.9; -0.0; -249.8
81.0; 1.851; -0.00209; 4931.9; -0.0; -269.1
84.0; 1.915; -0.00224; 4914.3; -0.0; -290.0
87.0; 1.979; -0.00241; 4897.1; -0.0; -312.6
90.0; 2.043; -0.00258; 4880.2; -0.0; -337.1
93.0; 2.107; -0.00277; 4863.6; -0.0; -363.5
96.0; 2.171; -0.00298; 4847.4; -0.0; -392.1
99.0; 2.234; -0.00320; 4831.5; -0.0; -423.0
102.0; 2.297; -0.00344; 4815.9; -0.0; -456.3
105.0; 2.360; -0.00370; 4800.6; -0.0; -492.4
108.0; 2.422; -0.00397; 4785.6; -0.0; -531.3
111.0; 2.485; -0.00428; 4770.9; -0.0; -573.3
114.0; 2.547; -0.00460; 4756.4; -0.0; -618.6
117.0; 2.609; -0.00496; 4742.3; -0.0; -667.6
120.0; 2.671; -0.00534; 4728.4; -0.0; -720.5
123.0; 2.732; -0.00576; 4714.7; -0.0; -777.7
126.0; 2.794; -0.00621; 4701.4; -0.0; -839.4
129.0; 2.855; -0.00671; 4688.3; -0.0; -905.7
132.0; 2.916; -0.00723; 4675.5; -0.0; -976.7
135.0; 2.976; -0.00779; 4662.9; -0.0; -1052.0
138.0; 3.037; -0.00835; 4650.6; -0.0; -1130.5
141.0; 3.097; -0.00891; 4638.5; -0.0; -1210.8
144.0; 3.157; -0.00943; 4626.7; -0.0; -1290.7
147.0; 3.217; -0.00988; 4615.1; -0.0; -1367.3
150.0; 3.277; -0.01022; 4603.8; -0.0; -1437.6
153.0; 3.337; -0.01044; 4592.7; -0.0; -1498.8
156.0; 3.397; -0.01052; 4581.8; -0.0; -1548.4
159.0; 3.456; -0.01046; 4571.1; -0.0; -1584.7
162.0; 3.515; -0.01029; 4560.6; -0.0; -1607.0
165.0; 3.574; -0.01004; 4550.3; -0.0; -1615.8
168.0; 3.633; -0.00974; 4540.1; -0.0; -1612.2
171.0; 3.692; -0.00942; 4530.0; -0.0; -1598.0
174.0; 3.751; -0.00910; 4520.1; -0.0; -1575.6
177.0; 3.810; -0.00881; 4510.3; -0.0; -1547.8
180.0; 3.868; -0.00855; 4500.7; -0.0; -1517.0
183.0; 3.927; -0.00834; 4491.1; -0.0; -1485.7
186.0; 3.985; -0.00817; 4481.7; -0.0; -1456.1
189.0; 4.043; -0.00805; 4472.3; -0.0; -1430.1
192.0; 4.101; -0.00799; 4463.1; -0.0; -1409.1
195.0; 4.159; -0.00799; 4454.0; -0.0; -1394.5
198.0; 4.217; -0.00805; 4445.0; -0.0; -1387.3
201.0; 4.274; -0.00819; 4436.1; -0.0; -1388.5
204.0; 4.332; -0.00839; 4427.4; -0.0; -1398.6
207.0; 4.389; -0.00865; 4418.7; -0.0; -1417.9
210.0; 4.447; -0.00897; 4410.2; -0.0; -1445.9
213.0; 4.504; -0.00931; 4401.9; -0.0; -1481.7
216.0; 4.561; -0.00965; 4393.7; -0.0; -1523.1
219.0; 4.618; -0.00995; 4385.6; -0.0; -1567.4
222.0; 4.675; -0.01016; 4377.7; -0.0; -1610.8
225.0; 4.732; -0.01024; 4369.9; -0.0; -1649.0
228.0; 4.788; -0.01013; 4362.2; -0.0; -1677.3
231.0; 4.845; -0.00980; 4354.6; -0.0; -1691.1
234.0; 4.902; -0.00925; 4347.1; -0.0; -1686.0
237.0; 4.958; -0.00847; 4339.7; -0.0; -1657.8
240.0; 5.014; -0.00749; 4332.4; -0.0; -1602.8
243.0; 5.071; -0.00635; 4325.1; -0.0; -1518.1
246.0; 5.127; -0.00508; 4317.8; -0.1; -1401.8
249.0; 5.183; -0.00377; 4310.5; -0.1; -1254.0
252.0; 5.239; -0.00247; 4303.2; -0.1; -1077.8
255.0; 5.295; -0.00125; 3957.9; -3.4; -882.5
258.0; 5.351; -0.00021; 2618.7; -5.1; -685.5
261.0; 5.407; 0.00060; 544.0; -24.4; -503.5
264.0; 5.463; 0.00112; 6.4; -2091.4; -347.5
267.0; 5.519; 0.00133; 2.7; -4957.7; -222.1
270.0; 5.576; 0.00126; 1.7; -7842.5; -128.0
273.0; 5.633; 0.00098; 1.3; -10488.7; -62.9
276.0; 5.690; 0.00060; 1.1; -12633.3; -23.2
279.0; 5.748; 0.00022; 1.0; -14004.4; -3.6
282.0; 5.807; -0.00011; 0.1; -14316.8; 0.0
285.0; 5.868; -0.00016; 0.0; -14223.7; 0.0
288.0; 5.929; -0.00007; 0.0; -14131.4; 0.0
291.0; 5.991; 0.00000; 0.0; -14040.0; 0.0
294.0; 6.054; 0.00002; 0.0; -13949.3; 0.0
297.0; 6.119; 0.00001; 0.0; -13859.5; 0.0
300.0; 6.184; 0.00000; 0.0; -13770.6; 0.0
303.0; 6.251; -0.00000; 0.0; -13682.4; 0.0
306.0; 6.319; -0.00000; 0.0; -13595.0; 0.0
309.0; 6.389; -0.00000; 0.0; -13508.5; 0.0
312.0; 6.460; 0.00000; 0.0; -13422.7; 0.0
315.0; 6.533; 0.00000; 0.0; -13337.7; 0.0
318.0; 6.607; 0.00000; 0.0; -13253.5; 0.0
321.0; 6.684; -0.00000; 0.0; -13170.0; 0.0
324.0; 6.762; 0.00002; 0.0; -13085.9; 0.7
327.0; 6.842; 0.00050; 0.0; -12954.8; 23.8
330.0; 6.924; 0.00112; 0.0; -12772.5; 70.5
333.0; 7.008; 0.00171; 0.0; -12542.2; 137.8
336.0; 7.095; 0.00226; 0.0; -12274.4; 219.6
339.0; 7.185; 0.00280; 0.0; -11980.8; 309.9
342.0; 7.277; 0.00341; 0.0; -11669.2; 404.6
345.0; 7.372; 0.00418; 0.0; -11342.1; 502.1
348.0; 7.471; 0.00517; 0.0; -10997.2; 602.9
351.0; 7.572; 0.00645; 0.0; -10627.7; 708.8
354.0; 7.678; 0.00811; 0.0; -10223.9; 822.4
357.0; 7.787; 0.01025; 0.0; -9772.5; 946.8
360.0; 7.900; 0.01302; 0.0; -9256.6; 1085.5
363.0; 8.018; 0.01657; 0.0; -8657.9; 1241.7
366.0; 8.141; 0.02104; 0.0; -7962.9; 1416.0
369.0; 8.268; 0.02642; 0.0; -7177.1; 1603.6
372.0; 8.400; 0.03245; 0.0; -6342.1; 1791.7
375.0; 8.537; 0.03851; 0.0; -5538.7; 1961.5
378.0; 8.679; 0.04386; 0.0; -4854.6; 2097.0
381.0; 8.827; 0.04816; 0.0; -4334.3; 2193.9
384.0; 8.982; 0.05184; 0.0; -3952.6; 2260.1
387.0; 9.145; 0.05644; 0.0; -3597.5; 2314.7
390.0; 9.316; 0.06097; 0.0; -3313.1; 2354.8
393.0; 9.495; 0.06583; 0.0; -3061.2; 2386.3
396.0; 9.681; 0.07404; 0.0; -2660.0; 2427.9
399.0; 9.870; 0.08335; 0.0; -2227.6; 2463.6
402.0; 10.059; 0.08989; 0.0; -1939.0; 2473.5
405.0; 10.241; 0.09119; 0.0; -388.8; 2486.2
408.0; 10.405; 0.08851; 0.1; -0.0; 2474.3
411.0; 10.550; 0.08367; 1526.8; -0.0; 2464.7
414.0; 10.687; 0.07889; 2003.2; -0.0; 2465.6
417.0; 10.823; 0.07645; 1924.6; -0.0; 2476.6
420.0; 10.960; 0.07770; 1756.9; -0.0; 2497.8
423.0; 11.105; 0.08332; 1568.5; -0.0; 2513.8
426.0; 11.267; 0.09299; 2812.5; -0.0; 2284.8
429.0; 11.448; 0.10401; 3479.9; -0.0; 2092.1
432.0; 11.640; 0.10857; 3021.2; -0.0; 2209.0
435.0; 11.834; 0.10461; 2827.9; -0.0; 2259.9
438.0; 12.027; 0.09632; 2929.1; -0.0; 2231.5
441.0; 12.215; 0.08665; 3225.3; -0.0; 2143.9
444.0; 12.399; 0.07694; 3618.1; -0.0; 2017.6
447.0; 12.577; 0.06767; 4032.1; -0.0; 1873.7
450.0; 12.750; 0.05902; 4432.4; -0.0; 1725.2
453.0; 12.918; 0.05107; 4807.9; -0.0; 1577.5
456.0; 13.081; 0.04390; 5154.9; -0.0; 1433.9
459.0; 13.239; 0.03754; 5471.1; -0.0; 1296.8
462.0; 13.391; 0.03200; 5755.9; -0.0; 1168.2
465.0; 13.539; 0.02724; 6009.6; -0.0; 1049.5
468.0; 13.681; 0.02320; 6232.8; -0.0; 942.0
471.0; 13.819; 0.01984; 6425.9; -0.0; 847.1
474.0; 13.953; 0.01713; 6589.2; -0.0; 766.2
477.0; 14.083; 0.01495; 6725.8; -0.0; 698.8
480.0; 14.210; 0.01324; 6838.7; -0.0; 644.3
483.0; 14.333; 0.01199; 6926.4; -0.0; 604.6
486.0; 14.453; 0.01129; 6982.0; -0.0; 584.9
489.0; 14.570; 0.01116; 7000.0; -0.0; 589.2
492.0; 14.684; 0.01115; 7000.0; -0.0; 604.7
495.0; 14.796; 0.01104; 7000.0; -0.0; 619.8
498.0; 14.906; 0.01095; 7000.0; -0.0; 634.9
501.0; 15.013; 0.01088; 7000.0; -0.0; 649.9
504.0; 15.119; 0.01081; 7000.0; -0.0; 664.7
507.0; 15.222; 0.01074; 7000.0; -0.0; 679.4
510.0; 15.324; 0.01069; 7000.0; -0.0; 694.0
513.0; 15.424; 0.01063; 7000.0; -0.0; 708.4
516.0; 15.522; 0.01059; 7000.0; -0.0; 722.8
519.0; 15.618; 0.01054; 7000.0; -0.0; 737.0
522.0; 15.714; 0.01051; 7000.0; -0.0; 751.1
525.0; 15.807; 0.01113; 6961.1; -0.0; 789.4
528.0; 15.900; 0.01224; 6869.0; -0.0; 858.0
531.0; 15.991; 0.01268; 6781.9; -0.0; 919.3
534.0; 16.081; 0.01312; 6699.2; -0.0; 977.7
537.0; 16.170; 0.01504; 6531.5; -0.0; 1084.5
540.0; 16.258; 0.01792; 6244.4; -0.0; 1248.2
543.0; 16.345; 0.02090; 5864.5; -0.0; 1444.6
546.0; 16.431; 0.02278; 5481.6; -0.1; 1624.3
549.0; 16.517; 0.02243; 5040.4; -1.3; 1738.9
552.0; 16.601; 0.01926; 2933.9; -2.3; 1783.4
555.0; 16.686; 0.01406; 10.2; -194.1; 1760.1
558.0; 16.770; 0.00788; 3.6; -3723.5; 1659.3
561.0; 16.855; 0.00197; 1.9; -7058.0; 1487.5
564.0; 16.941; -0.00245; 0.8; -9506.9; 1253.0
567.0; 17.028; -0.00444; 0.0; -10331.5; 973.0
570.0; 17.118; -0.00211; 0.0; -10792.0; 776.6
573.0; 17.210; 0.00365; 0.0; -10592.7; 799.5
576.0; 17.305; 0.01138; 0.0; -9568.0; 1081.2
579.0; 17.403; 0.01874; 0.0; -7960.2; 1499.7
582.0; 17.503; 0.02324; 0.0; -6400.5; 1872.0
585.0; 17.605; 0.02395; 0.0; -5312.4; 2116.2
588.0; 17.710; 0.02182; 0.0; -4689.2; 2251.8
591.0; 17.816; 0.01930; 0.0; -4293.9; 2330.6
594.0; 17.925; 0.01789; 5.1; -3911.7; 2387.0
597.0; 18.036; 0.01565; 5.5; -3665.5; 2413.3
600.0; 18.149; 0.01439; 5.7; -3495.6; 2432.5
603.0; 18.264; 0.01553; 6.0; -3330.9; 2462.3
606.0; 18.382; 0.01952; 6.1; -2921.3; 2510.7
609.0; 18.502; 0.02510; 11.7; -1451.1; 2563.6
612.0; 18.624; 0.02987; 0.3; -331.6; 2591.9
615.0; 18.747; 0.03221; 0.1; -0.2; 2598.9
618.0; 18.870; 0.03192; 0.0; -0.2; 2595.6
621.0; 18.993; 0.02945; 0.0; -0.1; 2586.8
624.0; 19.116; 0.02532; 339.6; -0.1; 2573.7
627.0; 19.238; 0.02023; 1514.6; -0.1; 2562.5
630.0; 19.360; 0.01547; 2002.6; -0.0; 2557.8
633.0; 19.481; 0.01237; 1993.5; -0.0; 2559.3
636.0; 19.601; 0.01168; 1944.8; -0.0; 2566.2
639.0; 19.723; 0.01379; 1851.7; -0.0; 2578.2
642.0; 19.845; 0.01891; 1722.7; -0.0; 2593.2
645.0; 19.970; 0.02702; 1672.1; -0.0; 2595.5
648.0; 20.096; 0.03747; 2201.6; -0.0; 2512.4
651.0; 20.222; 0.04841; 3419.1; -0.0; 2255.0
654.0; 20.346; 0.05624; 3792.2; -0.0; 2141.5
657.0; 20.470; 0.05731; 3450.7; -0.0; 2218.5
660.0; 20.591; 0.05245; 3157.8; -0.0; 2280.3
663.0; 20.711; 0.04494; 3160.9; -0.0; 2263.7
666.0; 20.830; 0.03703; 3522.8; -0.0; 2145.3
669.0; 20.947; 0.02954; 4244.8; -0.0; 1898.4
672.0; 21.063; 0.02272; 5153.0; -0.0; 1543.1
675.0; 21.178; 0.01668; 5982.0; -0.0; 1166.8
678.0; 21.290; 0.01204; 6589.1; -0.0; 855.3
681.0; 21.400; 0.00994; 6926.6; -0.0; 671.5
684.0; 21.508; 0.01070; 7000.0; -0.0; 643.2
687.0; 21.614; 0.01071; 7000.0; -0.0; 647.7
690.0; 21.717; 0.00372; 7000.0; -0.0; 405.6
693.0; 21.819; -0.00510; 7000.0; -0.0; -28.3
696.0; 21.919; -0.01139; 7000.0; -0.0; -457.6
699.0; 22.017; -0.01316; 7000.0; -0.0; -715.7
702.0; 22.114; -0.01248; 6848.1; -0.0; -815.9
705.0; 22.209; -0.01708; 6509.9; -0.0; -1029.6
708.0; 22.302; -0.02340; 5935.3; -0.0; -1343.1
711.0; 22.395; -0.02921; 5229.9; -0.0; -1676.3
714.0; 22.486; -0.03350; 4539.5; -0.0; -1960.8
717.0; 22.576; -0.03645; 3948.6; -0.0; -2176.8
720.0; 22.666; -0.03880; 3473.4; -0.0; -2334.3
723.0; 22.755; -0.04110; 3103.0; -0.0; -2447.2
726.0; 22.844; -0.04332; 2824.8; -0.0; -2525.0
729.0; 22.933; -0.04512; 2629.0; -0.0; -2575.0
732.0; 23.021; -0.04628; 2505.3; -0.0; -2604.3
735.0; 23.109; -0.04684; 2443.4; -0.0; -2618.8
738.0; 23.196; -0.04699; 2433.6; -0.0; -2622.6
741.0; 23.282; -0.04692; 2467.4; -0.0; -2618.3
744.0; 23.368; -0.04670; 2535.2; -0.0; -2607.4
747.0; 23.453; -0.04628; 2624.2; -0.0; -2591.8
750.0; 23.538; -0.04553; 2718.5; -0.0; -2573.8
753.0; 23.623; -0.04430; 2802.3; -0.0; -2556.0
756.0; 23.708; -0.04250; 2867.7; -0.0; -2539.7
759.0; 23.794; -0.04012; 2919.4; -0.0; -2523.8
762.0; 23.880; -0.03726; 2974.1; -0.0; -2505.0
765.0; 23.967; -0.03409; 3055.5; -0.0; -2477.7
768.0; 24.053; -0.03079; 3190.3; -0.0; -2434.8
771.0; 24.140; -0.02748; 3405.5; -0.0; -2367.6
774.0; 24.227; -0.02422; 3725.2; -0.0; -2265.3
777.0; 24.313; -0.02106; 4161.6; -0.0; -2118.3
780.0; 24.399; -0.01811; 4697.3; -0.0; -1924.5
783.0; 24.485; -0.01560; 5270.2; -0.0; -1700.6
786.0; 24.570; -0.01396; 5779.5; -0.0; -1487.3
789.0; 24.654; -0.01366; 6123.6; -0.0; -1338.7
792.0; 24.737; -0.01471; 6252.3; -0.0; -1290.2
795.0; 24.819; -0.01625; 6202.5; -0.0; -1326.5
798.0; 24.900; -0.01581; 6148.7; -0.0; -1354.2
801.0; 24.981; -0.01399; 6097.0; -0.0; -1333.0
804.0; 25.061; -0.00984; 6047.1; -0.0; -1194.1
807.0; 25.140; -0.00541; 5998.8; -0.0; -950.5
810.0; 25.218; -0.00194; 5952.0; -0.0; -652.8
813.0; 25.296; 0.00029; 5906.6; -0.0; -364.9
816.0; 25.373; 0.00164; 5862.7; -0.0; -127.0
819.0; 25.450; 0.00238; 5820.3; -0.0; 47.6
822.0; 25.526; 0.00271; 5779.3; -0.0; 163.9
825.0; 25.602; 0.00279; 5739.7; -0.0; 234.0
828.0; 25.677; 0.00270; 5701.4; -0.0; 270.2
831.0; 25.751; 0.00252; 5664.3; -0.0; 282.5
834.0; 25.826; 0.00229; 5628.3; -0.0; 278.5
837.0; 25.899; 0.00201; 5593.4; -0.0; 263.3
840.0; 25.972; 0.00170; 5559.6; -0.0; 240.4
843.0; 26.045; 0.00137; 5526.7; -0.0; 211.8
846.0; 26.118; 0.00102; 5494.8; -0.0; 178.7
849.0; 26.190; 0.00065; 5463.8; -0.0; 141.6
852.0; 26.261; 0.00026; 5433.6; -0.0; 100.8
855.0; 26.332; -0.00015; 5404.2; -0.0; 56.5
858.0; 26.403; -0.00058; 5375.7; -0.0; 9.0
861.0; 26.473; -0.00100; 5347.9; -0.0; -40.9
864.0; 26.543; -0.00141; 5320.8; -0.0; -91.7
867.0; 26.613; -0.00177; 5294.4; -0.0; -141.5
870.0; 26.682; -0.00204; 5268.6; -0.0; -187.3
873.0; 26.751; -0.00219; 5243.5; -0.0; -225.4
876.0; 26.820; -0.00218; 5219.0; -0.2; -251.3
879.0; 26.888; -0.00198; 3942.4; -3.4; -264.0
882.0; 26.956; -0.00157; 1492.2; -8.9; -264.0
885.0; 27.024; -0.00099; 7.7; -1724.7; -250.0
888.0; 27.092; -0.00030; 2.5; -5231.3; -221.6
891.0; 27.161; 0.00039; 1.5; -8613.6; -180.0
894.0; 27.230; 0.00094; 1.2; -11414.8; -128.8
897.0; 27.300; 0.00123; 1.0; -13159.8; -73.7
900.0; 27.372; 0.00127; 0.0; -13344.7; -18.6
903.0; 27.446; 0.00045; 0.0; -13299.5; -0.0
906.0; 27.520; -0.00012; 0.0; -13215.9; -0.0
909.0; 27.597; -0.00013; 0.0; -13133.1; -0.0
912.0; 27.676; -0.00003; 0.0; -13051.0; -0.0
915.0; 27.757; 0.00001; 0.0; -12969.7; -0.0
918.0; 27.839; 0.00001; 0.0; -12889.2; -0.0
921.0; 27.924; 0.00000; 0.0; -12809.5; -0.0
924.0; 28.012; -0.00000; 0.0; -12730.5; -0.0
927.0; 28.102; -0.00000; 0.0; -12652.2; -0.0
930.0; 28.195; -0.00000; 0.0; -12574.7; -0.0
933.0; 28.292; -0.00000; 0.0; -12497.9; -0.0
936.0; 28.392; -0.00000; 0.0; -12421.9; -0.0
939.0; 28.496; -0.00000; 0.0; -12346.6; -0.0
942.0; 28.604; -0.00000; 0.0; -12271.6; -0.2
945.0; 28.717; -0.00135; 0.0; -12079.1; -55.4
948.0; 28.835; -0.00360; 0.0; -11747.5; -170.2
951.0; 28.960; -0.00681; 0.0; -11275.2; -336.0
954.0; 29.093; -0.01150; 0.0; -10659.2; -543.6
957.0; 29.234; -0.01840; 0.0; -9887.2; -787.4
960.0; 29.384; -0.02825; 0.0; -8952.0; -1060.7
963.0; 29.545; -0.04166; 0.0; -7875.4; -1350.1
966.0; 29.720; -0.05893; 0.0; -6714.1; -1636.4
969.0; 29.911; -0.08094; 3.0; -5468.7; -1913.6
972.0; 30.120; -0.10656; 4.7; -4249.2; -2147.2
975.0; 30.349; -0.13064; 0.0; -3378.3; -2283.6
978.0; 30.597; -0.15619; 0.0; -2736.3; -2353.7
981.0; 30.861; -0.18152; 0.0; -2515.1; -2357.6
984.0; 31.140; -0.21015; 0.0; -2833.6; -2289.6
987.0; 31.433; -0.23784; 0.0; -0.0; -2267.1
990.0; 31.715; -0.25508; 0.0; -0.0; -2282.0
993.0; 31.979; -0.25564; 2781.4; -0.0; -2215.2
996.0; 32.250; -0.24493; 2654.2; -0.0; -2250.3
999.0; 32.532; -0.22705; 2611.2; -0.0; -2267.3
1002.0; 32.818; -0.20301; 2686.4; -0.0; -2253.1
1005.0; 33.104; -0.17323; 2994.4; -0.0; -2167.8
1008.0; 33.382; -0.14016; 3579.3; -0.0; -1982.6
1011.0; 33.646; -0.10742; 4318.0; -0.0; -1717.2
1014.0; 33.891; -0.07804; 5073.1; -0.0; -1407.7
1017.0; 34.115; -0.05370; 5758.0; -0.0; -1088.5
1020.0; 34.321; -0.03493; 6324.3; -0.0; -791.8
1023.0; 34.513; -0.02180; 6743.7; -0.0; -549.7
1026.0; 34.693; -0.01458; 6986.3; -0.0; -404.1
1029.0; 34.863; -0.01400; 7000.0; -0.0; -411.8
1032.0; 35.025; -0.01354; 7000.0; -0.0; -428.9
1035.0; 35.179; -0.01313; 7000.0; -0.0; -445.7
1038.0; 35.327; -0.01278; 7000.0; -0.0; -462.4
1041.0; 35.470; -0.01249; 7000.0; -0.0; -478.9
1044.0; 35.607; -0.01223; 7000.0; -0.0; -495.2
1047.0; 35.740; -0.00970; 7000.0; -0.0; -435.0
1050.0; 35.869; -0.00633; 7000.0; -0.0; -322.9
1053.0; 35.994; -0.00353; 7000.0; -0.0; -208.1
1056.0; 36.115; -0.00162; 7000.0; -0.0; -115.3
1059.0; 36.234; -0.00034; 7000.0; -0.0; -46.0
1062.0; 36.349; 0.00047; 7000.0; -0.0; 3.6
1065.0; 36.462; 0.00096; 7000.0; -0.0; 37.7
1068.0; 36.573; 0.00124; 7000.0; -0.0; 60.0
1071.0; 36.681; 0.00136; 7000.0; -0.0; 73.8
1074.0; 36.788; 0.00139; 7000.0; -0.0; 81.5
1077.0; 36.892; 0.00137; 7000.0; -0.0; 84.9
1080.0; 36.994; 0.00132; 7000.0; -0.0; 85.5
1083.0; 37.095; 0.00125; 7000.0; -0.0; 84.4
1086.0; 37.193; 0.00118; 7000.0; -0.0; 82.4
1089.0; 37.291; 0.00111; 7000.0; -0.0; 80.2
1092.0; 37.386; 0.00106; 7000.0; -0.0; 78.3
1095.0; 37.481; 0.00103; 7000.0; -0.0; 76.9
1098.0; 37.573; 0.00101; 6964.0; -0.0; 76.7
1101.0; 37.665; 0.00102; 6871.9; -0.0; 77.9
1104.0; 37.755; 0.00106; 6784.9; -0.0; 81.0
1107.0; 37.844; 0.00113; 6702.6; -0.0; 86.6
1110.0; 37.932; 0.00125; 6624.6; -0.0; 95.2
1113.0; 38.019; 0.00142; 6550.5; -0.0; 107.6
1116.0; 38.105; 0.00165; 6480.1; -0.0; 124.9
1119.0; 38.190; 0.00196; 6412.9; -0.0; 148.2
1122.0; 38.274; 0.00237; 6348.8; -0.0; 178.8
1125.0; 38.357; 0.00288; 6287.5; -0.0; 218.5
1128.0; 38.440; 0.00353; 6228.8; -0.0; 269.0
1131.0; 38.522; 0.00431; 6172.6; -0.0; 332.2
1134.0; 38.603; 0.00527; 6118.7; -0.0; 409.9
1137.0; 38.683; 0.00639; 6066.9; -0.0; 503.5
1140.0; 38.763; 0.00769; 6017.2; -0.0; 613.8
1143.0; 38.842; 0.00915; 5969.4; -0.0; 740.3
1146.0; 38.920; 0.01076; 5923.4; -0.0; 881.3
1149.0; 38.998; 0.01244; 5879.3; -0.0; 1032.6
1152.0; 39.075; 0.01412; 5836.8; -0.0; 1188.1
1155.0; 39.152; 0.01567; 5796.0; -0.0; 1339.2
1158.0; 39.228; 0.01692; 5756.7; -0.0; 1475.5
1161.0; 39.304; 0.01763; 5718.9; -0.0; 1585.7
1164.0; 39.380; 0.01756; 5682.5; -0.1; 1657.9
1167.0; 39.455; 0.01650; 5108.3; -2.2; 1689.8
1170.0; 39.529; 0.01425; 3104.1; -3.5; 1692.2
1173.0; 39.603; 0.01086; 215.0; -15.5; 1666.2
1176.0; 39.677; 0.00658; 4.2; -3107.9; 1597.6
1179.0; 39.751; 0.00195; 2.1; -6336.7; 1478.2
1182.0; 39.826; -0.00241; 1.5; -9009.7; 1296.0
1185.0; 39.902; -0.00595; 0.1; -10604.4; 1033.3
1188.0; 39.980; -0.00761; 0.0; -11468.5; 706.2
1191.0; 40.058; -0.00697; 0.0; -12195.3; 385.1
1194.0; 40.139; -0.00490; 0.0; -12662.3; 144.6
1197.0; 40.222; -0.00234; 0.0; -12848.0; 20.9
1200.0; 40.306; -0.00015; 0.0; -12812.6; 0.0
1203.0; 40.394; 0.00027; 0.0; -12733.8; 0.0
1206.0; 40.483; 0.00010; 0.0; -12654.3; 0.7
1209.0; 40.576; 0.00070; 0.0; -12510.3; 32.0
1212.0; 40.672; 0.00170; 0.0; -12289.9; 97.5
1215.0; 40.772; 0.00292; 0.0; -11989.1; 196.0
1218.0; 40.875; 0.00439; 0.0; -11613.0; 321.3
1221.0; 40.983; 0.00621; 0.0; -11169.8; 466.2
1224.0; 41.095; 0.00853; 0.0; -10664.6; 625.7
1227.0; 41.212; 0.01159; 0.0; -10092.1; 798.8
1230.0; 41.335; 0.01563; 0.0; -9439.3; 986.7
1233.0; 41.463; 0.02089; 0.0; -8692.8; 1190.4
1236.0; 41.597; 0.02753; 0.0; -7850.1; 1407.1
1239.0; 41.739; 0.03553; 0.0; -6931.1; 1628.1
1242.0; 41.889; 0.04461; 0.0; -5987.4; 1838.9
1245.0; 42.047; 0.05410; 0.0; -5096.5; 2022.0
1248.0; 42.213; 0.06322; 0.0; -4331.2; 2165.5
1251.0; 42.386; 0.07161; 0.0; -3717.3; 2269.5
1254.0; 42.566; 0.07963; 0.0; -3220.9; 2343.6
1257.0; 42.752; 0.08807; 0.0; -2781.5; 2399.0
1260.0; 42.943; 0.09713; 0.0; -2376.5; 2439.5
1263.0; 43.138; 0.10554; 0.0; -2062.0; 2460.8
1266.0; 43.335; 0.11110; 0.0; -1886.6; 2457.7
1269.0; 43.534; 0.11226; 0.0; -110.2; 2476.2
1272.0; 43.731; 0.11011; 162.7; -0.0; 2463.7
1275.0; 43.927; 0.10736; 1842.2; -0.0; 2474.6
1278.0; 44.123; 0.10852; 1577.5; -0.0; 2502.4
1281.0; 44.323; 0.11588; 2668.9; -0.0; 2304.0
1284.0; 44.523; 0.12651; 3348.2; -0.0; 2119.7
1287.0; 44.721; 0.13151; 2910.7; -0.0; 2227.4
1290.0; 44.915; 0.12780; 2707.7; -0.0; 2279.4
1293.0; 45.107; 0.11889; 2761.7; -0.0; 2264.7
1296.0; 45.297; 0.10758; 3007.3; -0.0; 2195.0
1299.0; 45.485; 0.09547; 3382.0; -0.0; 2079.4
1302.0; 45.671; 0.08346; 3815.9; -0.0; 1933.8
1305.0; 45.852; 0.07197; 4257.4; -0.0; 1774.0
1308.0; 46.029; 0.06127; 4682.8; -0.0; 1609.1
1311.0; 46.201; 0.05157; 5081.4; -0.0; 1444.7
1314.0; 46.367; 0.04299; 5446.7; -0.0; 1285.2
1317.0; 46.528; 0.03557; 5775.4; -0.0; 1134.1
1320.0; 46.682; 0.02925; 6066.9; -0.0; 993.9
1323.0; 46.832; 0.02395; 6322.9; -0.0; 865.7
1326.0; 46.976; 0.01955; 6545.6; -0.0; 750.5
1329.0; 47.115; 0.01600; 6735.2; -0.0; 650.2
1332.0; 47.250; 0.01335; 6885.7; -0.0; 570.6
1335.0; 47.380; 0.01185; 6980.4; -0.0; 525.1
1338.0; 47.507; 0.01172; 7000.0; -0.0; 528.4
1341.0; 47.630; 0.01165; 7000.0; -0.0; 544.0
1344.0; 47.751; 0.01149; 7000.0; -0.0; 559.4
1347.0; 47.868; 0.01136; 7000.0; -0.0; 574.8
1350.0; 47.983; 0.01124; 7000.0; -0.0; 590.0
1353.0; 48.095; 0.01113; 7000.0; -0.0; 605.2
1356.0; 48.205; 0.01104; 7000.0; -0.0; 620.2
1359.0; 48.313; 0.01095; 7000.0; -0.0; 635.2
1362.0; 48.419; 0.01088; 7000.0; -0.0; 650.0
1365.0; 48.524; 0.01081; 7000.0; -0.0; 664.7
1368.0; 48.626; 0.01074; 7000.0; -0.0; 679.3
1371.0; 48.727; 0.01069; 7000.0; -0.0; 693.8
1374.0; 48.827; 0.01063; 7000.0; -0.0; 708.2
1377.0; 48.924; 0.01059; 7000.0; -0.0; 722.5
1380.0; 49.021; 0.01054; 7000.0; -0.0; 736.7
1383.0; 49.116; 0.01051; 7000.0; -0.0; 750.7
1386.0; 49.209; 0.01108; 6964.3; -0.0; 787.0
1389.0; 49.301; 0.01222; 6872.2; -0.0; 855.7
1392.0; 49.392; 0.01266; 6785.4; -0.0; 916.8
1395.0; 49.482; 0.01310; 6703.4; -0.0; 974.8
1398.0; 49.570; 0.01352; 6625.8; -0.0; 1029.3
1401.0; 49.658; 0.01391; 6552.1; -0.0; 1080.4
1404.0; 49.744; 0.01425; 6482.2; -0.0; 1128.6
1407.0; 49.830; 0.01455; 6415.6; -0.0; 1174.0
1410.0; 49.914; 0.01483; 6352.1; -0.0; 1217.1
1413.0; 49.998; 0.01508; 6291.5; -0.0; 1257.9
1416.0; 50.081; 0.01531; 6233.6; -0.0; 1296.8
1419.0; 50.163; 0.01552; 6178.2; -0.0; 1333.9
1422.0; 50.244; 0.01571; 6125.1; -0.0; 1369.2
1425.0; 50.325; 0.01588; 6074.1; -0.0; 1403.0
1428.0; 50.405; 0.01605; 6025.2; -0.0; 1435.4
1431.0; 50.484; 0.01590; 5978.1; -0.0; 1457.7
1434.0; 50.563; 0.01534; 5932.8; -0.0; 1461.9
1437.0; 50.641; 0.01456; 5889.1; -0.0; 1447.2
1440.0; 50.718; 0.01368; 5846.8; -0.0; 1415.7
1443.0; 50.795; 0.01279; 5805.8; -0.0; 1371.4
1446.0; 50.872; 0.01193; 5766.2; -0.0; 1318.6
1449.0; 50.947; 0.01112; 5727.7; -0.0; 1261.4
1452.0; 51.023; 0.01036; 5690.4; -0.0; 1202.4
1455.0; 51.097; 0.00965; 5654.2; -0.0; 1143.8
1458.0; 51.172; 0.00900; 5619.0; -0.0; 1086.6
1461.0; 51.246; 0.00839; 5584.8; -0.0; 1031.4
1464.0; 51.319; 0.00782; 5551.5; -0.0; 978.4
1467.0; 51.392; 0.00730; 5519.1; -0.0; 927.7
1470.0; 51.464; 0.00682; 5487.7; -0.0; 879.5
1473.0; 51.537; 0.00637; 5457.0; -0.0; 833.5
1476.0; 51.608; 0.00595; 5427.2; -0.0; 789.9
1479.0; 51.680; 0.00556; 5398.2; -0.0; 748.6
1482.0; 51.751; 0.00520; 5369.9; -0.0; 709.5
1485.0; 51.821; 0.00487; 5342.3; -0.0; 672.5
1488.0; 51.891; 0.00457; 5315.4; -0.0; 637.7
1491.0; 51.961; 0.00429; 5289.2; -0.0; 605.0
1494.0; 52.031; 0.00403; 5263.7; -0.0; 574.3
1497.0; 52.100; 0.00379; 5238.8; -0.0; 545.5
1500.0; 52.169; 0.00357; 5214.4; -0.0; 518.7
1503.0; 52.237; 0.00337; 5190.7; -0.0; 493.6
1506.0; 52.305; 0.00318; 5167.5; -0.0; 470.3
1509.0; 52.373; 0.00302; 5144.9; -0.0; 448.7
1512.0; 52.440; 0.00286; 5122.8; -0.0; 428.7
1515.0; 52.507; 0.00272; 5101.2; -0.0; 410.3
1518.0; 52.574; 0.00260; 5080.0; -0.0; 393.4
1521.0; 52.640; 0.00249; 5059.4; -0.0; 378.1
1524.0; 52.706; 0.00239; 5039.2; -0.0; 364.2
1527.0; 52.772; 0.00230; 5019.4; -0.0; 351.7
1530.0; 52.838; 0.00222; 5000.1; -0.0; 340.6
1533.0; 52.903; 0.00216; 4981.1; -0.0; 331.0
1536.0; 52.968; 0.00210; 4962.6; -0.0; 322.7
1539.0; 53.033; 0.00206; 4944.4; -0.0; 315.8
1542.0; 53.097; 0.00202; 4926.7; -0.0; 310.3
1545.0; 53.161; 0.00200; 4909.2; -0.0; 306.3
1548.0; 53.225; 0.00199; 4892.1; -0.0; 303.7
1551.0; 53.289; 0.00199; 4875.4; -0.0; 302.6
1554.0; 53.353; 0.00200; 4858.9; -0.0; 303.1
1557.0; 53.416; 0.00203; 4842.8; -0.0; 305.2
1560.0; 53.479; 0.00206; 4827.0; -0.0; 309.0
1563.0; 53.542; 0.00211; 4811.5; -0.0; 314.6
1566.0; 53.604; 0.00218; 4796.3; -0.0; 322.1
1569.0; 53.667; 0.00226; 4781.3; -0.0; 331.8
1572.0; 53.729; 0.00235; 4766.6; -0.0; 343.7
1575.0; 53.791; 0.00247; 4752.2; -0.0; 358.0
1578.0; 53.853; 0.00260; 4738.1; -0.0; 375.0
1581.0; 53.914; 0.00276; 4724.2; -0.0; 395.0
1584.0; 53.976; 0.00294; 4710.5; -0.0; 418.1
1587.0; 54.037; 0.00314; 4697.1; -0.0; 444.9
1590.0; 54.098; 0.00338; 4684.0; -0.0; 475.5
1593.0; 54.159; 0.00365; 4671.0; -0.0; 510.6
1596.0; 54.220; 0.00395; 4658.3; -0.0; 550.5
1599.0; 54.280; 0.00430; 4645.8; -0.0; 595.7
1602.0; 54.340; 0.00469; 4633.5; -0.0; 647.0
1605.0; 54.401; 0.00514; 4621.4; -0.0; 704.9
1608.0; 54.461; 0.00565; 4609.6; -0.0; 770.2
1611.0; 54.521; 0.00623; 4597.9; -0.0; 843.7
1614.0; 54.581; 0.00689; 4586.4; -0.0; 926.4
1617.0; 54.641; 0.00764; 4575.2; -0.0; 1019.0
1620.0; 54.700; 0.00849; 4564.2; -0.0; 1122.1
1623.0; 54.760; 0.00945; 4553.4; -0.0; 1235.9
1626.0; 54.819; 0.01051; 4542.9; -0.0; 1359.7
1629.0; 54.879; 0.01165; 4532.6; -0.0; 1491.6
1632.0; 54.938; 0.01283; 4522.5; -0.0; 1628.2
1635.0; 54.997; 0.01399; 4512.8; -0.0; 1764.7
1638.0; 55.056; 0.01506; 4503.3; -0.0; 1895.2
1641.0; 55.115; 0.01595; 4494.1; -0.0; 2014.2
1644.0; 55.174; 0.01661; 4485.2; -0.0; 2117.2
1647.0; 55.233; 0.01703; 4476.5; -0.0; 2201.7
1650.0; 55.291; 0.01723; 4468.1; -0.0; 2267.5
1653.0; 55.350; 0.01733; 4459.8; -0.0; 2316.5
1656.0; 55.408; 0.01747; 4451.8; -0.0; 2352.5
1659.0; 55.466; 0.01783; 4443.9; -0.0; 2381.2
1662.0; 55.524; 0.01858; 4436.1; -0.0; 2409.0
1665.0; 55.582; 0.01979; 4428.6; -0.0; 2442.3
1668.0; 55.640; 0.02140; 4421.2; -0.0; 2484.2
1671.0; 55.698; 0.02315; 4413.8; -0.1; 2533.3
1674.0; 55.756; 0.02470; 4264.4; -0.1; 2587.3
1677.0; 55.814; 0.02552; 4101.9; -0.1; 2638.7
1680.0; 55.871; 0.02531; 3948.1; -0.2; 2681.4
1683.0; 55.929; 0.02396; 3825.7; -0.9; 2710.0
1686.0; 55.986; 0.02150; 3281.1; -1.8; 2724.6
1689.0; 56.044; 0.01807; 2389.5; -2.8; 2725.7
1692.0; 56.101; 0.01387; 1230.8; -6.2; 2713.5
1695.0; 56.159; 0.00916; 42.2; -187.1; 2687.4
1698.0; 56.216; 0.00428; 8.3; -1657.2; 2647.3
1701.0; 56.274; -0.00039; 4.2; -3185.3; 2597.4
1704.0; 56.332; -0.00449; 2.8; -4604.1; 2541.2
1707.0; 56.390; -0.00772; 2.2; -5738.0; 2482.8
1710.0; 56.449; -0.00988; 3.0; -6381.8; 2423.2
1713.0; 56.509; -0.01091; 3.0; -6598.2; 2358.3
1716.0; 56.569; -0.01080; 2.9; -6923.0; 2281.6
1719.0; 56.629; -0.00991; 2.7; -7334.5; 2190.2
1722.0; 56.690; -0.00864; 2.5; -7793.2; 2086.0
1725.0; 56.752; -0.00747; 2.4; -8268.7; 1969.5
1728.0; 56.814; -0.00712; 0.6; -8786.0; 1826.9
1731.0; 56.877; -0.00708; 0.0; -9341.7; 1662.1
1734.0; 56.941; -0.00652; 0.0; -9856.5; 1493.4
1737.0; 57.005; -0.00560; 0.0; -10328.7; 1326.2
1740.0; 57.071; -0.00450; 0.0; -10734.5; 1171.7
1743.0; 57.137; -0.00338; 0.0; -11052.5; 1040.4
1746.0; 57.205; -0.00238; 0.0; -11276.0; 937.6
1749.0; 57.273; -0.00154; 0.0; -11412.5; 863.1
1752.0; 57.343; -0.00087; 0.0; -11477.9; 812.9
1755.0; 57.413; -0.00036; 0.0; -11490.1; 781.4
1758.0; 57.485; 0.00003; 0.0; -11465.0; 763.3
1761.0; 57.558; 0.00036; 0.0; -11414.6; 754.5
1764.0; 57.633; 0.00065; 0.0; -11346.7; 752.2
1767.0; 57.709; 0.00094; 0.0; -11265.6; 754.7
1770.0; 57.786; 0.00125; 0.0; -11172.8; 761.5
1773.0; 57.865; 0.00160; 0.0; -11068.1; 772.7
1776.0; 57.946; 0.00200; 0.0; -10950.2; 788.7
1779.0; 58.028; 0.00246; 0.0; -10817.9; 809.6
1782.0; 58.112; 0.00298; 0.0; -10670.5; 835.7
1785.0; 58.199; 0.00357; 0.0; -10507.1; 867.1
1788.0; 58.288; 0.00425; 0.0; -10326.7; 903.9
1791.0; 58.380; 0.00505; 0.0; -10127.9; 946.3
1794.0; 58.475; 0.00599; 0.0; -9908.3; 994.7
1797.0; 58.573; 0.00711; 0.0; -9663.9; 1050.2
1800.0; 58.674; 0.00848; 0.0; -9388.5; 1114.1
1803.0; 58.778; 0.01016; 0.0; -9073.5; 1188.4
1806.0; 58.885; 0.01224; 0.0; -8708.3; 1275.3
1809.0; 58.995; 0.01479; 0.0; -8280.4; 1377.0
1812.0; 59.108; 0.01791; 0.0; -7779.5; 1494.6
1815.0; 59.224; 0.02160; 0.0; -7206.0; 1626.1
1818.0; 59.342; 0.02572; 0.0; -6581.1; 1764.6
1821.0; 59.463; 0.02993; 0.0; -5951.1; 1898.5
1824.0; 59.587; 0.03381; 0.0; -5376.5; 2015.5
1827.0; 59.713; 0.03701; 0.0; -4905.1; 2107.3
1830.0; 59.842; 0.03955; 0.0; -4548.3; 2173.8
1833.0; 59.972; 0.04205; 0.0; -4262.7; 2223.4
1836.0; 60.106; 0.04553; 0.0; -3963.7; 2270.2
1839.0; 60.241; 0.04908; 0.0; -3696.4; 2310.1
1842.0; 60.379; 0.05215; 5.7; -3485.7; 2340.3
1845.0; 60.519; 0.05519; 6.1; -3303.1; 2364.5
1848.0; 60.662; 0.05801; 6.3; -3162.4; 2381.8
1851.0; 60.806; 0.06099; 0.0; -3041.9; 2395.0
1854.0; 60.953; 0.06703; 0.0; -2771.3; 2421.4
1857.0; 61.105; 0.07561; 0.1; -2390.3; 2454.2
1860.0; 61.263; 0.08368; 0.1; -1517.9; 2483.8
1863.0; 61.427; 0.08937; 0.0; -709.8; 2499.4
1866.0; 61.598; 0.09251; 0.0; -242.7; 2503.4
1869.0; 61.774; 0.09397; 0.0; -0.3; 2502.9
1872.0; 61.954; 0.09477; 0.0; -0.0; 2499.1
1875.0; 62.138; 0.09566; 0.0; -0.0; 2495.4
1878.0; 62.325; 0.09695; 0.0; -0.0; 2491.8
1881.0; 62.515; 0.09879; 0.0; -0.0; 2488.0
1884.0; 62.708; 0.10129; 0.1; -0.0; 2483.8
1887.0; 62.905; 0.10482; 615.0; -0.0; 2489.8
1890.0; 63.104; 0.11077; 1562.3; -0.0; 2503.2
1893.0; 63.304; 0.12076; 2898.5; -0.0; 2264.1
1896.0; 63.503; 0.13299; 3146.6; -0.0; 2191.9
1899.0; 63.698; 0.14078; 2635.4; -0.0; 2312.7
1902.0; 63.890; 0.14284; 1652.4; -0.0; 2397.2
1905.0; 64.081; 0.14196; 915.7; -0.0; 2441.4
1908.0; 64.272; 0.14025; 402.9; -0.0; 2464.5
1911.0; 64.464; 0.13877; 0.2; -0.0; 2478.2
1914.0; 64.658; 0.13800; 0.0; -0.0; 2481.0
1917.0; 64.853; 0.13822; 0.0; -0.0; 2476.1
1920.0; 65.050; 0.13939; 554.3; -0.0; 2450.4
1923.0; 65.247; 0.14113; 2066.2; -0.0; 2363.0
1926.0; 65.441; 0.14304; 2665.3; -0.0; 2311.7
1929.0; 65.630; 0.14345; 2553.9; -0.0; 2335.5
1932.0; 65.816; 0.14115; 2433.2; -0.0; 2361.6
1935.0; 66.000; 0.13647; 2397.7; -0.0; 2370.9
1938.0; 66.183; 0.12995; 2425.3; -0.0; 2366.8
1941.0; 66.365; 0.12152; 2497.1; -0.0; 2350.1
1944.0; 66.546; 0.11060; 2654.4; -0.0; 2306.8
1947.0; 66.725; 0.09654; 3021.4; -0.0; 2198.1
1950.0; 66.903; 0.07885; 3751.4; -0.0; 1958.7
1953.0; 67.080; 0.05724; 4838.1; -0.0; 1540.3
1956.0; 67.252; 0.03134; 6123.0; -0.1; 931.2
1959.0; 67.419; -0.00032; 1678.8; -8.0; 84.8
1962.0; 67.583; -0.03270; 0.9; -4797.0; -899.5
1965.0; 67.750; -0.05917; 0.0; -6754.8; -1620.0
1968.0; 67.926; -0.08083; 0.0; -4823.9; -2041.5
1971.0; 68.113; -0.09956; 0.0; -3468.6; -2277.4
1974.0; 68.310; -0.11283; 0.0; -2673.8; -2388.7
1977.0; 68.515; -0.12143; 0.0; -2294.0; -2431.0
1980.0; 68.730; -0.12806; 0.0; -2131.5; -2441.5
1983.0; 68.955; -0.13507; 0.0; -2067.4; -2436.2
1986.0; 69.192; -0.14367; 0.0; -2056.1; -2419.0
1989.0; 69.444; -0.15323; 0.0; -2115.3; -2380.0
1992.0; 69.713; -0.15933; 0.0; -0.0; -2405.7
1995.0; 69.996; -0.16066; 1888.5; -0.0; -2447.7
1998.0; 70.282; -0.16589; 2854.0; -0.0; -2234.7
2001.0; 70.557; -0.17805; 3238.5; -0.0; -2107.4
2004.0; 70.818; -0.17997; 2820.2; -0.0; -2222.6
2007.0; 71.068; -0.16864; 2773.9; -0.0; -2237.6
2010.0; 71.314; -0.14931; 3010.1; -0.0; -2171.2
2013.0; 71.555; -0.12573; 3498.6; -0.0; -2017.5
2016.0; 71.789; -0.10095; 4146.6; -0.0; -1789.1
2019.0; 72.012; -0.07720; 4843.6; -0.0; -1513.2
2022.0; 72.220; -0.05601; 5513.8; -0.0; -1215.4
2025.0; 72.417; -0.03835; 6106.0; -0.0; -920.9
2028.0; 72.603; -0.02489; 6579.3; -0.0; -660.0
2031.0; 72.778; -0.01633; 6893.2; -0.0; -474.7
2034.0; 72.944; -0.01355; 7000.0; -0.0; -419.2
2037.0; 73.102; -0.01335; 7000.0; -0.0; -436.2
2040.0; 73.252; -0.01298; 7000.0; -0.0; -452.8
2043.0; 73.397; -0.01265; 7000.0; -0.0; -469.3
2046.0; 73.537; -0.01238; 7000.0; -0.0; -485.7
2049.0; 73.672; -0.01214; 7000.0; -0.0; -501.9
2052.0; 73.802; -0.01193; 7000.0; -0.0; -517.9
2055.0; 73.929; -0.01174; 7000.0; -0.0; -533.8
2058.0; 74.053; -0.01158; 7000.0; -0.0; -549.6
2061.0; 74.174; -0.01008; 7000.0; -0.0; -518.0
2064.0; 74.291; -0.00697; 7000.0; -0.0; -412.3
2067.0; 74.406; -0.00277; 7000.0; -0.0; -235.7
2070.0; 74.519; 0.00202; 7000.0; -0.0; -3.4
2073.0; 74.629; 0.00688; 7000.0; -0.0; 259.7
2076.0; 74.737; 0.01120; 7000.0; -0.0; 519.5
2079.0; 74.843; 0.01421; 5312.8; -2.1; 753.0
2082.0; 74.947; 0.01509; 1203.3; -3.7; 945.9
2085.0; 75.050; 0.01324; 2.7; -3756.7; 1047.0
2088.0; 75.153; 0.00882; 1.6; -8065.9; 1016.7
2091.0; 75.259; 0.00292; 0.0; -10276.0; 819.8
2094.0; 75.368; -0.00161; 0.0; -11104.3; 500.6
2097.0; 75.482; -0.00321; 0.0; -11763.0; 199.3
2100.0; 75.600; -0.00254; 0.0; -12069.4; 25.9
2103.0; 75.725; -0.00052; 0.0; -12051.7; 0.0
2106.0; 75.858; -0.00002; 0.0; -11979.8; 0.0
2109.0; 75.999; 0.00537; 0.0; -11517.1; 176.0
2112.0; 76.152; 0.01793; 0.0; -10453.1; 563.2
2115.0; 76.319; 0.03987; 0.0; -8743.1; 1095.2
2118.0; 76.502; 0.06963; 0.0; -6716.9; 1625.2
2121.0; 76.703; 0.10237; 0.0; -4864.3; 2027.6
2124.0; 76.923; 0.13325; 0.0; -3456.5; 2263.2
2127.0; 77.160; 0.15907; 0.0; -2622.9; 2361.6
2130.0; 77.415; 0.18101; 0.0; -2383.2; 2372.4
2133.0; 77.689; 0.20150; 0.0; -0.0; 2352.8
2136.0; 77.972; 0.21517; 0.0; -0.0; 2337.4
2139.0; 78.252; 0.21245; 2733.5; -0.0; 2244.5
2142.0; 78.524; 0.19399; 2767.2; -0.0; 2232.8
2145.0; 78.789; 0.15978; 3250.3; -0.0; 2087.8
2148.0; 79.043; 0.11394; 4333.3; -0.0; 1708.5
2151.0; 79.285; 0.06564; 5644.6; -0.0; 1140.4
2154.0; 79.510; 0.02490; 6771.5; -0.0; 504.5
2157.0; 79.719; -0.00007; 7000.0; -0.0; 11.6
2160.0; 79.911; -0.01952; 6878.8; -0.0; -459.1
2163.0; 80.088; -0.04263; 5843.6; -0.0; -1078.9
2166.0; 80.252; -0.06314; 4649.0; -0.0; -1644.9
2169.0; 80.408; -0.07637; 3706.4; -0.0; -2013.9
2172.0; 80.559; -0.08075; 3156.8; -0.0; -2194.9
2175.0; 80.706; -0.07838; 2939.5; -0.0; -2257.2
2178.0; 80.850; -0.07270; 2977.4; -0.0; -2244.8
2181.0; 80.991; -0.06611; 3213.2; -0.0; -2175.0
2184.0; 81.131; -0.05947; 3587.5; -0.0; -2057.1
2187.0; 81.270; -0.05295; 4026.9; -0.0; -1906.6
2190.0; 81.410; -0.04652; 4475.7; -0.0; -1739.9
2193.0; 81.550; -0.04017; 4913.8; -0.0; -1565.2
2196.0; 81.688; -0.03400; 5336.6; -0.0; -1385.3
2199.0; 81.826; -0.02814; 5738.3; -0.0; -1203.3
2202.0; 81.960; -0.02276; 6111.2; -0.0; -1023.5
2205.0; 82.091; -0.01800; 6445.8; -0.0; -852.6
2208.0; 82.219; -0.01413; 6725.9; -0.0; -702.5
2211.0; 82.344; -0.01165; 6922.1; -0.0; -596.5
2214.0; 82.465; -0.01108; 7000.0; -0.0; -563.0
2217.0; 82.584; -0.01137; 7000.0; -0.0; -579.0
2220.0; 82.699; -0.01122; 7000.0; -0.0; -593.9
2223.0; 82.812; -0.01111; 7000.0; -0.0; -609.1
2226.0; 82.922; -0.01101; 7000.0; -0.0; -624.2
2229.0; 83.030; -0.01093; 7000.0; -0.0; -639.1
2232.0; 83.136; -0.01086; 7000.0; -0.0; -653.8
2235.0; 83.239; -0.01079; 7000.0; -0.0; -668.5
2238.0; 83.341; -0.01073; 7000.0; -0.0; -683.0
2241.0; 83.441; -0.01067; 7000.0; -0.0; -697.4
2244.0; 83.539; -0.01062; 7000.0; -0.0; -711.6
2247.0; 83.636; -0.00896; 7000.0; -0.0; -666.7
2250.0; 83.731; -0.00641; 7000.0; -0.0; -558.7
2253.0; 83.825; -0.00413; 7000.0; -0.0; -424.7
2256.0; 83.918; -0.00257; 6943.3; -0.0; -301.3
2259.0; 84.009; -0.00159; 6852.4; -0.0; -204.8
2262.0; 84.099; -0.00100; 6766.5; -0.0; -136.5
2265.0; 84.188; -0.00066; 6685.2; -0.0; -91.1
2268.0; 84.275; -0.00046; 6608.1; -0.0; -62.3
2271.0; 84.362; -0.00035; 6534.8; -0.0; -44.6
2274.0; 84.448; -0.00029; 6465.1; -0.0; -34.2
2277.0; 84.533; -0.00026; 6398.6; -0.0; -28.2
2280.0; 84.617; -0.00025; 6335.1; -0.0; -25.0
2283.0; 84.700; -0.00024; 6274.4; -0.0; -23.4
2286.0; 84.782; -0.00024; 6216.3; -0.0; -22.8
2289.0; 84.863; -0.00024; 6160.6; -0.0; -22.8
2292.0; 84.944; -0.00024; 6107.2; -0.0; -23.1
2295.0; 85.024; -0.00025; 6055.8; -0.0; -23.7
2298.0; 85.103; -0.00025; 6006.5; -0.0; -24.5
2301.0; 85.182; -0.00026; 5958.9; -0.0; -25.4
2304.0; 85.260; -0.00027; 5913.1; -0.0; -26.5
2307.0; 85.338; -0.00028; 5868.9; -0.0; -27.7
2310.0; 85.415; -0.00029; 5826.3; -0.0; -29.1
2313.0; 85.491; -0.00030; 5785.0; -0.0; -30.6
2316.0; 85.567; -0.00032; 5745.2; -0.0; -32.3
2319.0; 85.642; -0.00033; 5706.7; -0.0; -34.1
2322.0; 85.716; -0.00035; 5669.3; -0.0; -36.2
2325.0; 85.791; -0.00037; 5633.2; -0.0; -38.4
