# s_m; t_s; v_mps; beta_rad; omega_z_radps; n_m; xi_rad
0.0; 0.000; 40.83; 0.00037; -0.00364; 1.13118; -0.02525
3.0; 0.073; 41.09; 0.00039; -0.00386; 1.05617; -0.02550
6.0; 0.146; 41.34; 0.00041; -0.00409; 0.98049; -0.02575
9.0; 0.218; 41.58; 0.00044; -0.00434; 0.90411; -0.02601
12.0; 0.290; 41.83; 0.00047; -0.00461; 0.82704; -0.02628
15.0; 0.362; 42.06; 0.00051; -0.00491; 0.74925; -0.02655
18.0; 0.433; 42.30; 0.00054; -0.00523; 0.67074; -0.02683
21.0; 0.504; 42.53; 0.00058; -0.00557; 0.59147; -0.02712
24.0; 0.574; 42.75; 0.00062; -0.00594; 0.51142; -0.02743
27.0; 0.644; 42.98; 0.00066; -0.00633; 0.43056; -0.02775
30.0; 0.714; 43.20; 0.00071; -0.00676; 0.34886; -0.02808
33.0; 0.783; 43.41; 0.00076; -0.00722; 0.26627; -0.02844
36.0; 0.852; 43.63; 0.00082; -0.00771; 0.18275; -0.02881
39.0; 0.921; 43.83; 0.00088; -0.00825; 0.09826; -0.02921
42.0; 0.989; 44.04; 0.00095; -0.00882; 0.01273; -0.02963
45.0; 1.057; 44.24; 0.00102; -0.00944; -0.07391; -0.03007
48.0; 1.125; 44.44; 0.00109; -0.01010; -0.16171; -0.03055
51.0; 1.192; 44.64; 0.00117; -0.01082; -0.25075; -0.03106
54.0; 1.259; 44.83; 0.00126; -0.01159; -0.34113; -0.03161
57.0; 1.326; 45.03; 0.00136; -0.01242; -0.43294; -0.03220
60.0; 1.393; 45.22; 0.00146; -0.01331; -0.52628; -0.03283
63.0; 1.459; 45.40; 0.00157; -0.01427; -0.62126; -0.03351
66.0; 1.525; 45.58; 0.00169; -0.01531; -0.71801; -0.03424
69.0; 1.591; 45.77; 0.00182; -0.01643; -0.81666; -0.03502
72.0; 1.656; 45.94; 0.00196; -0.01764; -0.91732; -0.03585
75.0; 1.721; 46.12; 0.00211; -0.01895; -1.01999; -0.03664
78.0; 1.786; 46.29; 0.00228; -0.02036; -1.12439; -0.03730
81.0; 1.851; 46.47; 0.00245; -0.02188; -1.22999; -0.03779
84.0; 1.915; 46.64; 0.00265; -0.02352; -1.33622; -0.03810
87.0; 1.979; 46.80; 0.00285; -0.02530; -1.44249; -0.03823
90.0; 2.043; 46.97; 0.00308; -0.02721; -1.54823; -0.03819
93.0; 2.107; 47.13; 0.00332; -0.02929; -1.65289; -0.03800
96.0; 2.171; 47.29; 0.00358; -0.03152; -1.75596; -0.03765
99.0; 2.234; 47.45; 0.00387; -0.03394; -1.85692; -0.03716
102.0; 2.297; 47.60; 0.00418; -0.03655; -1.95532; -0.03655
105.0; 2.360; 47.76; 0.00452; -0.03936; -2.05069; -0.03581
108.0; 2.422; 47.91; 0.00488; -0.04240; -2.14263; -0.03497
111.0; 2.485; 48.06; 0.00527; -0.04568; -2.23076; -0.03404
114.0; 2.547; 48.21; 0.00570; -0.04922; -2.31471; -0.03303
117.0; 2.609; 48.36; 0.00616; -0.05304; -2.39418; -0.03195
120.0; 2.671; 48.50; 0.00667; -0.05718; -2.46888; -0.03083
123.0; 2.732; 48.64; 0.00721; -0.06166; -2.53860; -0.02968
126.0; 2.794; 48.78; 0.00781; -0.06651; -2.60313; -0.02853
129.0; 2.855; 48.92; 0.00846; -0.07175; -2.66235; -0.02738
132.0; 2.916; 49.06; 0.00916; -0.07738; -2.71617; -0.02628
135.0; 2.976; 49.19; 0.00993; -0.08338; -2.76456; -0.02523
138.0; 3.037; 49.33; 0.01076; -0.08966; -2.80754; -0.02426
141.0; 3.097; 49.46; 0.01165; -0.09606; -2.84516; -0.02338
144.0; 3.157; 49.58; 0.01260; -0.10236; -2.87755; -0.02260
147.0; 3.217; 49.71; 0.01357; -0.10823; -2.90493; -0.02197
150.0; 3.277; 49.84; 0.01456; -0.11332; -2.92780; -0.02156
153.0; 3.337; 49.96; 0.01552; -0.11727; -2.94695; -0.02141
156.0; 3.397; 50.08; 0.01641; -0.11981; -2.96322; -0.02148
159.0; 3.456; 50.20; 0.01718; -0.12079; -2.97739; -0.02166
162.0; 3.515; 50.32; 0.01780; -0.12022; -2.99008; -0.02187
165.0; 3.574; 50.43; 0.01824; -0.11828; -3.00176; -0.02203
168.0; 3.633; 50.55; 0.01849; -0.11531; -3.01271; -0.02206
171.0; 3.692; 50.66; 0.01854; -0.11168; -3.02306; -0.02191
174.0; 3.751; 50.77; 0.01842; -0.10776; -3.03277; -0.02156
177.0; 3.810; 50.88; 0.01816; -0.10391; -3.04171; -0.02101
180.0; 3.868; 50.99; 0.01780; -0.10039; -3.04963; -0.02025
183.0; 3.927; 51.10; 0.01738; -0.09736; -3.05621; -0.01933
186.0; 3.985; 51.21; 0.01695; -0.09493; -3.06112; -0.01828
189.0; 4.043; 51.32; 0.01653; -0.09313; -3.06401; -0.01712
192.0; 4.101; 51.43; 0.01614; -0.09198; -3.06456; -0.01590
195.0; 4.159; 51.53; 0.01582; -0.09151; -3.06249; -0.01466
198.0; 4.217; 51.64; 0.01557; -0.09175; -3.05758; -0.01343
201.0; 4.274; 51.74; 0.01541; -0.09271; -3.04969; -0.01226
204.0; 4.332; 51.85; 0.01535; -0.09444; -3.03878; -0.01118
207.0; 4.389; 51.95; 0.01541; -0.09693; -3.02487; -0.01025
210.0; 4.447; 52.05; 0.01557; -0.10012; -3.00813; -0.00950
213.0; 4.504; 52.15; 0.01586; -0.10391; -2.98878; -0.00897
216.0; 4.561; 52.25; 0.01626; -0.10806; -2.96718; -0.00868
219.0; 4.618; 52.35; 0.01676; -0.11226; -2.94380; -0.00869
222.0; 4.675; 52.44; 0.01734; -0.11608; -2.91935; -0.00906
225.0; 4.732; 52.54; 0.01796; -0.11902; -2.89482; -0.00985
228.0; 4.788; 52.63; 0.01855; -0.12056; -2.87138; -0.01101
231.0; 4.845; 52.73; 0.01907; -0.12021; -2.85020; -0.01248
234.0; 4.902; 52.82; 0.01943; -0.11758; -2.83234; -0.01412
237.0; 4.958; 52.91; 0.01957; -0.11239; -2.81869; -0.01579
240.0; 5.014; 53.00; 0.01941; -0.10454; -2.80994; -0.01737
243.0; 5.071; 53.09; 0.01891; -0.09407; -2.80651; -0.01868
246.0; 5.127; 53.18; 0.01802; -0.08121; -2.80854; -0.01961
249.0; 5.183; 53.27; 0.01673; -0.06638; -2.81584; -0.02002
252.0; 5.239; 53.36; 0.01507; -0.05013; -2.82788; -0.01982
255.0; 5.295; 53.45; 0.01310; -0.03327; -2.84382; -0.01897
258.0; 5.351; 53.52; 0.01092; -0.01780; -2.86251; -0.01749
261.0; 5.407; 53.54; 0.00874; -0.00626; -2.88261; -0.01555
264.0; 5.463; 53.45; 0.00672; 0.00172; -2.90280; -0.01335
267.0; 5.519; 53.25; 0.00496; 0.00699; -2.92194; -0.01108
270.0; 5.576; 52.91; 0.00347; 0.01008; -2.93922; -0.00886
273.0; 5.633; 52.43; 0.00224; 0.01119; -2.95416; -0.00681
276.0; 5.690; 51.82; 0.00128; 0.01047; -2.96661; -0.00502
279.0; 5.748; 51.11; 0.00058; 0.00823; -2.97673; -0.00360
282.0; 5.807; 50.31; 0.00013; 0.00503; -2.98492; -0.00260
285.0; 5.868; 49.50; -0.00007; 0.00134; -2.99178; -0.00208
288.0; 5.929; 48.67; -0.00008; -0.00064; -2.99804; -0.00199
291.0; 5.991; 47.84; -0.00003; -0.00078; -3.00450; -0.00224
294.0; 6.054; 47.00; 0.00000; -0.00028; -3.01198; -0.00276
297.0; 6.119; 46.16; 0.00001; 0.00004; -3.02135; -0.00354
300.0; 6.184; 45.30; 0.00001; 0.00010; -3.03346; -0.00459
303.0; 6.251; 44.44; 0.00000; 0.00004; -3.04919; -0.00593
306.0; 6.319; 43.57; -0.00000; -0.00000; -3.06939; -0.00756
309.0; 6.389; 42.69; -0.00000; -0.00001; -3.09491; -0.00947
312.0; 6.460; 41.80; -0.00000; -0.00000; -3.12662; -0.01167
315.0; 6.533; 40.90; -0.00000; 0.00000; -3.16538; -0.01415
318.0; 6.607; 39.99; -0.00000; 0.00000; -3.21206; -0.01692
321.0; 6.684; 39.07; -0.00000; 0.00000; -3.26753; -0.01998
324.0; 6.762; 38.13; -0.00000; 0.00000; -3.33265; -0.02332
327.0; 6.842; 37.17; -0.00000; 0.00016; -3.40829; -0.02694
330.0; 6.924; 36.21; -0.00011; 0.00524; -3.49512; -0.03059
333.0; 7.008; 35.23; -0.00052; 0.01385; -3.59336; -0.03393
336.0; 7.095; 34.25; -0.00128; 0.02406; -3.70269; -0.03670
339.0; 7.185; 33.25; -0.00229; 0.03474; -3.82211; -0.03878
342.0; 7.277; 32.26; -0.00345; 0.04555; -3.95002; -0.04006
345.0; 7.372; 31.26; -0.00467; 0.05671; -4.08416; -0.04045
348.0; 7.471; 30.26; -0.00589; 0.06863; -4.22172; -0.03980
351.0; 7.572; 29.25; -0.00709; 0.08182; -4.35923; -0.03791
354.0; 7.678; 28.25; -0.00828; 0.09681; -4.49246; -0.03449
357.0; 7.787; 27.25; -0.00948; 0.11418; -4.61621; -0.02918
360.0; 7.900; 26.26; -0.01072; 0.13465; -4.72405; -0.02148
363.0; 8.018; 25.28; -0.01202; 0.15905; -4.80784; -0.01070
366.0; 8.141; 24.32; -0.01344; 0.18827; -4.85711; 0.00410
369.0; 8.268; 23.40; -0.01504; 0.22283; -4.85836; 0.02408
372.0; 8.400; 22.53; -0.01689; 0.26221; -4.79488; 0.05034
375.0; 8.537; 21.71; -0.01906; 0.30402; -4.64717; 0.08374
378.0; 8.679; 20.96; -0.02157; 0.34410; -4.39382; 0.12466
381.0; 8.827; 20.26; -0.02429; 0.37834; -4.01256; 0.17244
384.0; 8.982; 19.58; -0.02698; 0.40523; -3.48326; 0.22405
387.0; 9.145; 18.92; -0.02934; 0.42699; -2.79506; 0.27443
390.0; 9.316; 18.27; -0.03129; 0.45045; -1.95339; 0.31982
393.0; 9.495; 17.62; -0.03312; 0.47341; -0.97933; 0.35876
396.0; 9.681; 16.99; -0.03491; 0.49719; 0.09565; 0.39078
399.0; 9.870; 16.40; -0.03705; 0.53075; 1.23317; 0.41539
402.0; 10.059; 15.86; -0.04109; 0.57065; 2.37634; 0.42686
405.0; 10.241; 15.38; -0.04878; 0.61543; 3.42036; 0.40995
408.0; 10.405; 15.15; -0.05721; 0.62762; 4.23289; 0.34743
411.0; 10.550; 14.97; -0.06587; 0.64342; 4.75170; 0.24752
414.0; 10.687; 14.98; -0.07279; 0.61828; 5.00322; 0.13722
417.0; 10.823; 15.04; -0.07555; 0.58174; 5.01817; 0.02608
420.0; 10.960; 15.09; -0.07346; 0.54403; 4.79908; -0.08979
423.0; 11.105; 15.13; -0.06511; 0.49805; 4.32589; -0.20080
426.0; 11.267; 15.17; -0.04630; 0.43348; 3.58737; -0.28771
429.0; 11.448; 15.43; -0.01333; 0.35888; 2.63941; -0.34734
432.0; 11.640; 15.85; 0.00269; 0.44921; 1.57515; -0.36548
435.0; 11.834; 16.21; 0.00027; 0.50249; 0.49806; -0.33781
438.0; 12.027; 16.53; -0.00398; 0.49659; -0.48254; -0.28807
441.0; 12.215; 16.86; -0.00584; 0.46865; -1.30941; -0.23405
444.0; 12.399; 17.23; -0.00576; 0.43379; -1.97592; -0.18466
447.0; 12.577; 17.66; -0.00505; 0.39698; -2.49792; -0.14221
450.0; 12.750; 18.14; -0.00450; 0.35974; -2.89653; -0.10649
453.0; 12.918; 18.67; -0.00426; 0.32282; -3.19281; -0.07697
456.0; 13.081; 19.24; -0.00424; 0.28703; -3.40590; -0.05299
459.0; 13.239; 19.84; -0.00430; 0.25322; -3.55238; -0.03380
462.0; 13.391; 20.47; -0.00438; 0.22201; -3.64605; -0.01861
465.0; 13.539; 21.10; -0.00441; 0.19377; -3.69807; -0.00658
468.0; 13.681; 21.75; -0.00440; 0.16865; -3.71700; 0.00304
471.0; 13.819; 22.40; -0.00434; 0.14671; -3.70912; 0.01093
474.0; 13.953; 23.05; -0.00423; 0.12801; -3.67902; 0.01744
477.0; 14.083; 23.70; -0.00411; 0.11255; -3.63096; 0.02244
480.0; 14.210; 24.34; -0.00398; 0.09999; -3.57000; 0.02564
483.0; 14.333; 24.98; -0.00387; 0.08999; -3.50158; 0.02712
486.0; 14.453; 25.61; -0.00379; 0.08281; -3.43052; 0.02722
489.0; 14.570; 26.22; -0.00378; 0.07916; -3.36051; 0.02638
492.0; 14.684; 26.82; -0.00389; 0.07938; -3.29397; 0.02506
495.0; 14.796; 27.41; -0.00411; 0.08054; -3.23236; 0.02349
498.0; 14.906; 27.98; -0.00437; 0.08091; -3.17668; 0.02165
501.0; 15.013; 28.53; -0.00463; 0.08124; -3.12784; 0.01950
504.0; 15.119; 29.08; -0.00487; 0.08159; -3.08671; 0.01706
507.0; 15.222; 29.61; -0.00512; 0.08195; -3.05416; 0.01434
510.0; 15.324; 30.13; -0.00535; 0.08232; -3.03097; 0.01137
513.0; 15.424; 30.64; -0.00558; 0.08268; -3.01779; 0.00823
516.0; 15.522; 31.14; -0.00580; 0.08304; -3.01496; 0.00502
519.0; 15.618; 31.63; -0.00602; 0.08341; -3.02261; 0.00176
522.0; 15.714; 32.11; -0.00624; 0.08377; -3.04083; -0.00151
525.0; 15.807; 32.58; -0.00645; 0.08413; -3.06965; -0.00480
528.0; 15.900; 33.04; -0.00675; 0.08929; -3.10886; -0.00783
531.0; 15.991; 33.48; -0.00730; 0.09893; -3.15754; -0.01017
534.0; 16.081; 33.91; -0.00804; 0.10446; -3.21443; -0.01192
537.0; 16.170; 34.33; -0.00875; 0.10889; -3.27822; -0.01328
540.0; 16.258; 34.73; -0.00962; 0.12370; -3.34723; -0.01375
543.0; 16.345; 35.09; -0.01108; 0.14762; -3.41870; -0.01249
546.0; 16.431; 35.43; -0.01327; 0.17377; -3.48876; -0.00912
549.0; 16.517; 35.73; -0.01589; 0.19250; -3.55315; -0.00394
552.0; 16.601; 35.99; -0.01836; 0.19622; -3.60833; 0.00202
555.0; 16.686; 36.10; -0.02049; 0.19383; -3.65241; 0.00794
558.0; 16.770; 36.00; -0.02228; 0.18441; -3.68523; 0.01336
561.0; 16.855; 35.64; -0.02344; 0.16254; -3.70797; 0.01752
564.0; 16.941; 35.05; -0.02334; 0.12876; -3.72295; 0.01948
567.0; 17.028; 34.27; -0.02142; 0.08672; -3.73332; 0.01842
570.0; 17.118; 33.41; -0.01749; 0.04476; -3.74294; 0.01393
573.0; 17.210; 32.51; -0.01310; 0.03961; -3.75584; 0.00783
576.0; 17.305; 31.59; -0.01076; 0.07978; -3.77390; 0.00396
579.0; 17.403; 30.74; -0.01195; 0.15406; -3.79334; 0.00613
582.0; 17.503; 29.99; -0.01654; 0.23419; -3.80340; 0.01624
585.0; 17.605; 29.36; -0.02329; 0.29287; -3.78948; 0.03335
588.0; 17.710; 28.80; -0.03068; 0.32294; -3.73817; 0.05491
591.0; 17.816; 28.28; -0.03753; 0.33217; -3.63964; 0.07852
594.0; 17.925; 27.78; -0.04320; 0.33417; -3.48697; 0.10286
597.0; 18.036; 27.30; -0.04776; 0.33744; -3.27476; 0.12768
600.0; 18.149; 26.84; -0.05148; 0.33677; -2.99931; 0.15219
603.0; 18.264; 26.38; -0.05436; 0.33802; -2.66104; 0.17426
606.0; 18.382; 25.92; -0.05701; 0.35064; -2.26814; 0.19180
609.0; 18.502; 25.50; -0.06063; 0.37796; -1.83675; 0.20443
612.0; 18.624; 25.20; -0.06508; 0.39339; -1.38677; 0.21169
615.0; 18.747; 25.01; -0.06952; 0.39688; -0.93987; 0.21210
618.0; 18.870; 24.85; -0.07385; 0.39994; -0.51863; 0.20554
621.0; 18.993; 24.69; -0.07859; 0.40794; -0.14268; 0.19383
624.0; 19.116; 24.52; -0.08446; 0.42125; 0.17394; 0.17894
627.0; 19.238; 24.38; -0.09156; 0.43172; 0.41979; 0.16089
630.0; 19.360; 24.36; -0.09792; 0.41493; 0.58144; 0.13645
633.0; 19.481; 24.39; -0.10162; 0.38905; 0.64080; 0.10195
636.0; 19.601; 24.41; -0.10241; 0.36508; 0.57656; 0.05750
639.0; 19.723; 24.43; -0.10026; 0.34028; 0.37390; 0.00886
642.0; 19.845; 24.44; -0.09476; 0.31182; 0.03929; -0.03516
645.0; 19.970; 24.45; -0.08510; 0.27687; -0.39550; -0.06902
648.0; 20.096; 24.45; -0.07017; 0.23326; -0.88416; -0.09244
651.0; 20.222; 24.53; -0.04946; 0.18578; -1.37807; -0.10739
654.0; 20.346; 24.76; -0.02872; 0.19318; -1.83734; -0.11292
657.0; 20.470; 25.04; -0.01955; 0.28031; -2.24103; -0.10247
660.0; 20.591; 25.28; -0.02083; 0.34050; -2.57835; -0.07814
663.0; 20.711; 25.49; -0.02489; 0.34526; -2.84167; -0.04900
666.0; 20.830; 25.69; -0.02702; 0.31480; -3.02727; -0.02115
669.0; 20.947; 25.93; -0.02557; 0.26572; -3.13537; 0.00237
672.0; 21.063; 26.25; -0.02107; 0.21018; -3.17122; 0.02019
675.0; 21.178; 26.66; -0.01558; 0.15910; -3.14611; 0.03243
678.0; 21.290; 27.14; -0.01097; 0.11657; -3.07567; 0.04013
681.0; 21.400; 27.68; -0.00771; 0.08466; -2.97522; 0.04468
684.0; 21.508; 28.23; -0.00569; 0.07049; -2.85552; 0.04791
687.0; 21.614; 28.78; -0.00488; 0.07735; -2.72091; 0.05204
690.0; 21.717; 29.31; -0.00491; 0.08014; -2.57094; 0.05755
693.0; 21.819; 29.83; -0.00432; 0.03159; -2.40676; 0.06089
696.0; 21.919; 30.35; -0.00189; -0.03801; -2.23564; 0.05899
699.0; 22.017; 30.85; 0.00161; -0.09086; -2.06841; 0.05239
702.0; 22.114; 31.34; 0.00474; -0.10787; -1.91389; 0.04410
705.0; 22.209; 31.81; 0.00659; -0.10338; -1.77577; 0.03674
708.0; 22.302; 32.24; 0.00800; -0.13426; -1.65553; 0.02899
711.0; 22.395; 32.61; 0.01063; -0.18359; -1.55635; 0.01857
714.0; 22.486; 32.92; 0.01466; -0.23085; -1.48305; 0.00499
717.0; 22.576; 33.17; 0.01956; -0.26553; -1.44056; -0.01093
720.0; 22.666; 33.37; 0.02471; -0.28706; -1.43254; -0.02804
723.0; 22.755; 33.52; 0.02968; -0.29939; -1.46098; -0.04540
726.0; 22.844; 33.64; 0.03429; -0.30575; -1.52621; -0.06218
729.0; 22.933; 33.73; 0.03842; -0.30720; -1.62586; -0.07698
732.0; 23.021; 33.80; 0.04193; -0.30388; -1.75221; -0.08755
735.0; 23.109; 33.86; 0.04462; -0.29642; -1.89134; -0.09193
738.0; 23.196; 33.91; 0.04635; -0.28612; -2.02570; -0.08916
741.0; 23.282; 33.95; 0.04707; -0.27467; -2.13666; -0.07890
744.0; 23.368; 34.00; 0.04683; -0.26381; -2.20556; -0.06125
747.0; 23.453; 34.06; 0.04585; -0.25507; -2.21557; -0.03767
750.0; 23.538; 34.12; 0.04441; -0.24957; -2.15642; -0.01181
753.0; 23.623; 34.19; 0.04283; -0.24767; -2.02796; 0.01241
756.0; 23.708; 34.27; 0.04143; -0.24867; -1.83744; 0.03306
759.0; 23.794; 34.35; 0.04038; -0.25077; -1.59441; 0.04981
762.0; 23.880; 34.44; 0.03966; -0.25163; -1.30851; 0.06285
765.0; 23.967; 34.54; 0.03909; -0.24916; -0.98920; 0.07247
768.0; 24.053; 34.64; 0.03836; -0.24207; -0.64613; 0.07893
771.0; 24.140; 34.76; 0.03716; -0.22996; -0.28962; 0.08239
774.0; 24.227; 34.89; 0.03522; -0.21305; 0.06955; 0.08313
777.0; 24.313; 35.05; 0.03244; -0.19208; 0.42088; 0.08154
780.0; 24.399; 35.24; 0.02887; -0.16833; 0.75489; 0.07795
783.0; 24.485; 35.48; 0.02481; -0.14398; 1.06392; 0.07287
786.0; 24.570; 35.76; 0.02071; -0.12244; 1.34354; 0.06703
789.0; 24.654; 36.07; 0.01711; -0.10827; 1.59305; 0.06088
792.0; 24.737; 36.41; 0.01447; -0.10596; 1.81338; 0.05401
795.0; 24.819; 36.75; 0.01310; -0.11628; 2.00439; 0.04545
798.0; 24.900; 37.08; 0.01300; -0.13261; 2.16386; 0.03453
801.0; 24.981; 37.41; 0.01360; -0.13616; 2.28850; 0.02186
804.0; 25.061; 37.72; 0.01397; -0.12551; 2.37622; 0.00910
807.0; 25.140; 38.03; 0.01337; -0.09438; 2.42792; -0.00178
810.0; 25.218; 38.34; 0.01139; -0.05411; 2.44785; -0.00943
813.0; 25.296; 38.64; 0.00844; -0.01826; 2.44235; -0.01376
816.0; 25.373; 38.94; 0.00529; 0.00636; 2.41863; -0.01547
819.0; 25.450; 39.23; 0.00254; 0.02072; 2.38360; -0.01544
822.0; 25.526; 39.52; 0.00043; 0.02785; 2.34307; -0.01434
825.0; 25.602; 39.80; -0.00104; 0.03043; 2.30150; -0.01260
828.0; 25.677; 40.07; -0.00199; 0.03035; 2.26216; -0.01047
831.0; 25.751; 40.34; -0.00253; 0.02880; 2.22735; -0.00812
834.0; 25.826; 40.61; -0.00278; 0.02646; 2.19869; -0.00561
837.0; 25.899; 40.86; -0.00283; 0.02369; 2.17725; -0.00302
840.0; 25.972; 41.12; -0.00274; 0.02067; 2.16363; -0.00048
843.0; 26.045; 41.37; -0.00255; 0.01747; 2.15783; 0.00189
846.0; 26.118; 41.62; -0.00230; 0.01410; 2.15949; 0.00404
849.0; 26.190; 41.86; -0.00200; 0.01053; 2.16807; 0.00594
852.0; 26.261; 42.10; -0.00165; 0.00673; 2.18294; 0.00759
855.0; 26.332; 42.33; -0.00127; 0.00268; 2.20344; 0.00896
858.0; 26.403; 42.56; -0.00084; -0.00160; 2.22883; 0.01004
861.0; 26.473; 42.79; -0.00039; -0.00607; 2.25834; 0.01082
864.0; 26.543; 43.01; 0.00010; -0.01061; 2.29116; 0.01130
867.0; 26.613; 43.23; 0.00061; -0.01500; 2.32648; 0.01148
870.0; 26.682; 43.44; 0.00113; -0.01898; 2.36347; 0.01139
873.0; 26.751; 43.65; 0.00162; -0.02219; 2.40135; 0.01106
876.0; 26.820; 43.86; 0.00207; -0.02417; 2.43942; 0.01056
879.0; 26.888; 44.07; 0.00242; -0.02447; 2.47703; 0.00998
882.0; 26.956; 44.20; 0.00267; -0.02388; 2.51377; 0.00938
885.0; 27.024; 44.19; 0.00285; -0.02250; 2.54940; 0.00881
888.0; 27.092; 44.00; 0.00294; -0.01974; 2.58389; 0.00836
891.0; 27.161; 43.61; 0.00291; -0.01524; 2.61742; 0.00811
894.0; 27.230; 43.03; 0.00271; -0.00917; 2.65034; 0.00819
897.0; 27.300; 42.27; 0.00229; -0.00225; 2.68315; 0.00868
900.0; 27.372; 41.39; 0.00166; 0.00432; 2.71646; 0.00959
903.0; 27.446; 40.49; 0.00088; 0.00977; 2.75097; 0.01090
906.0; 27.520; 39.58; 0.00020; 0.00621; 2.78720; 0.01220
909.0; 27.597; 38.65; -0.00008; 0.00077; 2.82539; 0.01314
912.0; 27.676; 37.70; -0.00006; -0.00074; 2.86564; 0.01381
915.0; 27.757; 36.75; -0.00001; -0.00038; 2.90790; 0.01441
918.0; 27.839; 35.77; 0.00001; -0.00002; 2.95204; 0.01500
921.0; 27.924; 34.78; 0.00000; 0.00004; 2.99795; 0.01557
924.0; 28.012; 33.77; 0.00000; 0.00001; 3.04551; 0.01611
927.0; 28.102; 32.74; -0.00000; -0.00000; 3.09461; 0.01660
930.0; 28.195; 31.69; 0.00000; -0.00000; 3.14515; 0.01706
933.0; 28.292; 30.60; 0.00000; -0.00000; 3.19701; 0.01749
936.0; 28.392; 29.50; 0.00000; -0.00000; 3.25008; 0.01787
939.0; 28.496; 28.35; 0.00000; -0.00000; 3.30427; 0.01822
942.0; 28.604; 27.18; 0.00000; -0.00000; 3.35946; 0.01855
945.0; 28.717; 25.96; 0.00000; -0.00004; 3.41570; 0.01896
948.0; 28.835; 24.70; 0.00026; -0.01236; 3.47289; 0.01897
951.0; 28.960; 23.41; 0.00108; -0.03394; 3.53011; 0.01782
954.0; 29.093; 22.11; 0.00233; -0.06305; 3.58409; 0.01455
957.0; 29.234; 20.80; 0.00366; -0.10048; 3.62679; 0.00755
960.0; 29.384; 19.50; 0.00476; -0.14826; 3.64321; -0.00543
963.0; 29.545; 18.23; 0.00534; -0.20800; 3.61092; -0.02588
966.0; 29.720; 17.00; 0.00519; -0.27949; 3.50555; -0.05201
969.0; 29.911; 15.84; 0.00422; -0.36070; 3.30989; -0.08002
972.0; 30.120; 14.76; 0.00256; -0.45288; 3.01397; -0.10910
975.0; 30.349; 13.80; 0.00067; -0.54622; 2.60813; -0.14115
978.0; 30.597; 12.92; -0.00151; -0.61599; 2.08256; -0.17673
981.0; 30.861; 12.09; -0.00626; -0.66613; 1.42775; -0.21525
984.0; 31.140; 11.26; -0.01618; -0.69431; 0.64434; -0.24511
987.0; 31.433; 10.32; -0.03450; -0.71711; -0.18552; -0.22413
990.0; 31.715; 10.10; -0.05471; -0.75878; -0.80709; -0.09310
993.0; 31.979; 9.90; -0.06101; -0.80077; -0.95066; 0.10096
996.0; 32.250; 10.34; -0.05923; -0.76422; -0.62418; 0.23879
999.0; 32.532; 10.77; -0.05176; -0.75462; -0.00639; 0.27654
1002.0; 32.818; 11.19; -0.04405; -0.72981; 0.69734; 0.26650
1005.0; 33.104; 11.64; -0.03721; -0.69482; 1.39497; 0.24316
1008.0; 33.382; 12.18; -0.03093; -0.63732; 2.03856; 0.21117
1011.0; 33.646; 12.84; -0.02452; -0.55182; 2.58772; 0.17357
1014.0; 33.891; 13.62; -0.01780; -0.44937; 3.02480; 0.13461
1017.0; 34.115; 14.49; -0.01165; -0.34530; 3.34903; 0.09657
1020.0; 34.321; 15.41; -0.00679; -0.25052; 3.56989; 0.06287
1023.0; 34.513; 16.36; -0.00340; -0.17126; 3.70938; 0.03832
1026.0; 34.693; 17.31; -0.00137; -0.11190; 3.79697; 0.02423
1029.0; 34.863; 18.25; -0.00040; -0.07816; 3.85658; 0.01694
1032.0; 35.025; 19.13; -0.00002; -0.07817; 3.89783; 0.01070
1035.0; 35.179; 19.98; 0.00045; -0.07826; 3.92110; 0.00418
1038.0; 35.327; 20.78; 0.00089; -0.07823; 3.92555; -0.00268
1041.0; 35.470; 21.55; 0.00130; -0.07827; 3.90999; -0.00994
1044.0; 35.607; 22.29; 0.00168; -0.07839; 3.87303; -0.01769
1047.0; 35.740; 23.01; 0.00203; -0.07855; 3.81313; -0.02596
1050.0; 35.869; 23.70; 0.00223; -0.06392; 3.73035; -0.03345
1053.0; 35.994; 24.36; 0.00202; -0.04261; 3.62774; -0.03912
1056.0; 36.115; 25.01; 0.00154; -0.02409; 3.50982; -0.04295
1059.0; 36.234; 25.64; 0.00100; -0.01103; 3.38109; -0.04529
1062.0; 36.349; 26.25; 0.00054; -0.00218; 3.24556; -0.04648
1065.0; 36.462; 26.85; 0.00016; 0.00362; 3.10650; -0.04683
1068.0; 36.573; 27.43; -0.00012; 0.00723; 2.96621; -0.04665
1071.0; 36.681; 27.99; -0.00033; 0.00930; 2.82623; -0.04614
1074.0; 36.788; 28.55; -0.00048; 0.01033; 2.68758; -0.04542
1077.0; 36.892; 29.09; -0.00057; 0.01068; 2.55087; -0.04461
1080.0; 36.994; 29.61; -0.00063; 0.01059; 2.41647; -0.04373
1083.0; 37.095; 30.13; -0.00066; 0.01026; 2.28460; -0.04283
1086.0; 37.193; 30.64; -0.00068; 0.00981; 2.15539; -0.04191
1089.0; 37.291; 31.14; -0.00068; 0.00934; 2.02891; -0.04101
1092.0; 37.386; 31.62; -0.00067; 0.00891; 1.90507; -0.04018
1095.0; 37.481; 32.10; -0.00066; 0.00856; 1.78349; -0.03956
1098.0; 37.573; 32.57; -0.00066; 0.00834; 1.66329; -0.03929
1101.0; 37.665; 33.03; -0.00066; 0.00829; 1.54340; -0.03938
1104.0; 37.755; 33.47; -0.00067; 0.00846; 1.42268; -0.03984
1107.0; 37.844; 33.90; -0.00069; 0.00887; 1.30005; -0.04062
1110.0; 37.932; 34.31; -0.00074; 0.00959; 1.17450; -0.04172
1113.0; 38.019; 34.72; -0.00080; 0.01069; 1.04505; -0.04310
1116.0; 38.105; 35.11; -0.00090; 0.01227; 0.91084; -0.04473
1119.0; 38.190; 35.49; -0.00104; 0.01442; 0.77107; -0.04656
1122.0; 38.274; 35.87; -0.00123; 0.01729; 0.62508; -0.04854
1125.0; 38.357; 36.23; -0.00148; 0.02103; 0.47231; -0.05061
1128.0; 38.440; 36.58; -0.00181; 0.02580; 0.31241; -0.05269
1131.0; 38.522; 36.93; -0.00223; 0.03180; 0.14518; -0.05470
1134.0; 38.603; 37.26; -0.00277; 0.03921; -0.02931; -0.05652
1137.0; 38.683; 37.59; -0.00345; 0.04818; -0.21078; -0.05807
1140.0; 38.763; 37.91; -0.00428; 0.05881; -0.39862; -0.05920
1143.0; 38.842; 38.22; -0.00529; 0.07110; -0.59195; -0.05980
1146.0; 38.920; 38.53; -0.00649; 0.08491; -0.78958; -0.05977
1149.0; 38.998; 38.83; -0.00788; 0.09990; -0.99004; -0.05900
1152.0; 39.075; 39.12; -0.00946; 0.11546; -1.19164; -0.05746
1155.0; 39.152; 39.41; -0.01120; 0.13069; -1.39256; -0.05515
1158.0; 39.228; 39.68; -0.01305; 0.14439; -1.59101; -0.05216
1161.0; 39.304; 39.95; -0.01490; 0.15507; -1.78533; -0.04863
1164.0; 39.380; 40.22; -0.01661; 0.16110; -1.97388; -0.04466
1167.0; 39.455; 40.48; -0.01801; 0.16084; -2.15452; -0.04022
1170.0; 39.529; 40.69; -0.01900; 0.15692; -2.32458; -0.03527
1173.0; 39.603; 40.79; -0.01986; 0.15538; -2.48144; -0.02966
1176.0; 39.677; 40.70; -0.02081; 0.15282; -2.62292; -0.02331
1179.0; 39.751; 40.42; -0.02172; 0.14240; -2.74735; -0.01653
1182.0; 39.826; 39.93; -0.02210; 0.12118; -2.85353; -0.00998
1185.0; 39.902; 39.26; -0.02132; 0.08767; -2.94085; -0.00450
1188.0; 39.980; 38.49; -0.01875; 0.04149; -3.00951; -0.00108
1191.0; 40.058; 37.65; -0.01432; -0.00344; -3.06087; -0.00019
1194.0; 40.139; 36.75; -0.00907; -0.02944; -3.09747; -0.00106
1197.0; 40.222; 35.80; -0.00445; -0.03411; -3.12228; -0.00221
1200.0; 40.306; 34.82; -0.00137; -0.02315; -3.13754; -0.00236
1203.0; 40.394; 33.81; -0.00003; -0.00566; -3.14458; -0.00110
1206.0; 40.483; 32.78; 0.00014; 0.00097; -3.14475; 0.00076
1209.0; 40.576; 31.73; 0.00004; 0.00093; -3.13982; 0.00225
1212.0; 40.672; 30.66; -0.00016; 0.00721; -3.13126; 0.00350
1215.0; 40.772; 29.57; -0.00072; 0.01918; -3.11962; 0.00510
1218.0; 40.875; 28.47; -0.00171; 0.03497; -3.10422; 0.00762
1221.0; 40.983; 27.36; -0.00303; 0.05360; -3.08275; 0.01153
1224.0; 41.095; 26.25; -0.00455; 0.07484; -3.05104; 0.01733
1227.0; 41.212; 25.15; -0.00614; 0.09904; -3.00295; 0.02559
1230.0; 41.335; 24.05; -0.00772; 0.12716; -2.92999; 0.03706
1233.0; 41.463; 22.98; -0.00925; 0.16036; -2.82108; 0.05255
1236.0; 41.597; 21.93; -0.01075; 0.19952; -2.66342; 0.07188
1239.0; 41.739; 20.93; -0.01225; 0.24482; -2.44737; 0.09268
1242.0; 41.889; 19.98; -0.01380; 0.29524; -2.17207; 0.11201
1245.0; 42.047; 19.10; -0.01550; 0.34808; -1.84409; 0.12872
1248.0; 42.213; 18.28; -0.01741; 0.39915; -1.47265; 0.14286
1251.0; 42.386; 17.54; -0.01954; 0.44458; -1.06774; 0.15446
1254.0; 42.566; 16.84; -0.02180; 0.48339; -0.63933; 0.16399
1257.0; 42.752; 16.20; -0.02411; 0.51792; -0.19422; 0.17274
1260.0; 42.943; 15.59; -0.02659; 0.55154; 0.26414; 0.18092
1263.0; 43.138; 15.03; -0.02969; 0.58574; 0.72701; 0.18552
1266.0; 43.335; 14.49; -0.03431; 0.62081; 1.17016; 0.18112
1269.0; 43.534; 13.97; -0.04208; 0.66247; 1.55222; 0.16297
1272.0; 43.731; 13.74; -0.04941; 0.66514; 1.82750; 0.12713
1275.0; 43.927; 13.54; -0.05620; 0.67239; 1.96610; 0.08269
1278.0; 44.123; 13.61; -0.05582; 0.60156; 1.97979; 0.04287
1281.0; 44.323; 13.65; -0.03994; 0.51895; 1.91450; 0.00874
1284.0; 44.523; 13.91; -0.00545; 0.41982; 1.82338; -0.02934
1287.0; 44.721; 14.33; 0.01108; 0.50374; 1.71222; -0.05723
1290.0; 44.915; 14.67; 0.00888; 0.55573; 1.56611; -0.06596
1293.0; 45.107; 14.97; 0.00438; 0.55283; 1.39174; -0.06935
1296.0; 45.297; 15.28; 0.00171; 0.52791; 1.19850; -0.06985
1299.0; 45.485; 15.62; 0.00084; 0.49349; 1.00393; -0.06475
1302.0; 45.671; 16.04; 0.00077; 0.45346; 0.83085; -0.05300
1305.0; 45.852; 16.51; 0.00064; 0.41014; 0.69990; -0.03529
1308.0; 46.029; 17.05; 0.00021; 0.36550; 0.62699; -0.01328
1311.0; 46.201; 17.64; -0.00043; 0.32119; 0.62005; 0.00943
1314.0; 46.367; 18.27; -0.00112; 0.27871; 0.67413; 0.02825
1317.0; 46.528; 18.93; -0.00174; 0.23926; 0.77311; 0.04064
1320.0; 46.682; 19.60; -0.00223; 0.20357; 0.89781; 0.04672
1323.0; 46.832; 20.29; -0.00256; 0.17193; 1.03129; 0.04749
1326.0; 46.976; 20.99; -0.00275; 0.14433; 1.15964; 0.04393
1329.0; 47.115; 21.69; -0.00282; 0.12061; 1.27167; 0.03689
1332.0; 47.250; 22.38; -0.00279; 0.10085; 1.35862; 0.02716
1335.0; 47.380; 23.07; -0.00271; 0.08585; 1.41391; 0.01552
1338.0; 47.507; 23.75; -0.00266; 0.07766; 1.43331; 0.00289
1341.0; 47.630; 24.40; -0.00275; 0.07824; 1.41519; -0.00965
1344.0; 47.751; 25.04; -0.00301; 0.07929; 1.35991; -0.02172
1347.0; 47.868; 25.66; -0.00331; 0.07960; 1.26863; -0.03323
1350.0; 47.983; 26.27; -0.00359; 0.07990; 1.14321; -0.04394
1353.0; 48.095; 26.86; -0.00386; 0.08022; 0.98634; -0.05358
1356.0; 48.205; 27.43; -0.00412; 0.08055; 0.80134; -0.06204
1359.0; 48.313; 27.99; -0.00438; 0.08089; 0.59171; -0.06928
1362.0; 48.419; 28.54; -0.00463; 0.08124; 0.36107; -0.07531
1365.0; 48.524; 29.08; -0.00488; 0.08160; 0.11308; -0.08010
1368.0; 48.626; 29.61; -0.00512; 0.08195; -0.14854; -0.08366
1371.0; 48.727; 30.13; -0.00535; 0.08231; -0.42005; -0.08600
1374.0; 48.827; 30.64; -0.00558; 0.08267; -0.69767; -0.08711
1377.0; 48.924; 31.13; -0.00580; 0.08304; -0.97763; -0.08700
1380.0; 49.021; 31.62; -0.00602; 0.08340; -1.25620; -0.08571
1383.0; 49.116; 32.10; -0.00624; 0.08376; -1.52998; -0.08345
1386.0; 49.209; 32.57; -0.00645; 0.08412; -1.79663; -0.08063
1389.0; 49.301; 33.03; -0.00673; 0.08889; -2.05485; -0.07737
1392.0; 49.392; 33.47; -0.00727; 0.09871; -2.30349; -0.07340
1395.0; 49.482; 33.90; -0.00801; 0.10427; -2.54112; -0.06878
1398.0; 49.570; 34.31; -0.00871; 0.10864; -2.76638; -0.06375
1401.0; 49.658; 34.71; -0.00938; 0.11276; -2.97799; -0.05837
1404.0; 49.744; 35.10; -0.01001; 0.11657; -3.17481; -0.05266
1407.0; 49.830; 35.48; -0.01063; 0.12003; -3.35582; -0.04665
1410.0; 49.914; 35.85; -0.01122; 0.12318; -3.52011; -0.04038
1413.0; 49.998; 36.21; -0.01179; 0.12608; -3.66683; -0.03386
1416.0; 50.081; 36.56; -0.01234; 0.12874; -3.79521; -0.02711
1419.0; 50.163; 36.90; -0.01288; 0.13120; -3.90456; -0.02016
1422.0; 50.244; 37.23; -0.01339; 0.13347; -3.99421; -0.01301
1425.0; 50.325; 37.55; -0.01390; 0.13557; -4.06356; -0.00568
1428.0; 50.405; 37.87; -0.01438; 0.13753; -4.11205; 0.00181
1431.0; 50.484; 38.17; -0.01486; 0.13934; -4.13915; 0.00947
1434.0; 50.563; 38.47; -0.01528; 0.13917; -4.14442; 0.01719
1437.0; 50.641; 38.77; -0.01555; 0.13577; -4.12768; 0.02477
1440.0; 50.718; 39.06; -0.01558; 0.13000; -4.08907; 0.03200
1443.0; 50.795; 39.34; -0.01535; 0.12307; -4.02907; 0.03875
1446.0; 50.872; 39.62; -0.01492; 0.11586; -3.94849; 0.04499
1449.0; 50.947; 39.89; -0.01434; 0.10888; -3.84831; 0.05074
1452.0; 51.023; 40.16; -0.01369; 0.10233; -3.72969; 0.05602
1455.0; 51.097; 40.42; -0.01301; 0.09625; -3.59385; 0.06083
1458.0; 51.172; 40.68; -0.01233; 0.09060; -3.44218; 0.06516
1461.0; 51.246; 40.93; -0.01168; 0.08531; -3.27623; 0.06897
1464.0; 51.319; 41.18; -0.01105; 0.08035; -3.09765; 0.07226
1467.0; 51.392; 41.43; -0.01046; 0.07567; -2.90806; 0.07506
1470.0; 51.464; 41.67; -0.00990; 0.07125; -2.70898; 0.07739
1473.0; 51.537; 41.91; -0.00937; 0.06709; -2.50191; 0.07928
1476.0; 51.608; 42.15; -0.00887; 0.06317; -2.28823; 0.08075
1479.0; 51.680; 42.38; -0.00839; 0.05948; -2.06928; 0.08181
1482.0; 51.751; 42.61; -0.00794; 0.05602; -1.84635; 0.08249
1485.0; 51.821; 42.83; -0.00752; 0.05279; -1.62064; 0.08281
1488.0; 51.891; 43.05; -0.00713; 0.04976; -1.39330; 0.08278
1491.0; 51.961; 43.27; -0.00675; 0.04694; -1.16544; 0.08243
1494.0; 52.031; 43.48; -0.00640; 0.04432; -0.93810; 0.08175
1497.0; 52.100; 43.70; -0.00607; 0.04188; -0.71227; 0.08079
1500.0; 52.169; 43.90; -0.00577; 0.03962; -0.48890; 0.07953
1503.0; 52.237; 44.11; -0.00548; 0.03752; -0.26888; 0.07801
1506.0; 52.305; 44.31; -0.00521; 0.03559; -0.05309; 0.07623
1509.0; 52.373; 44.51; -0.00497; 0.03381; 0.15769; 0.07420
1512.0; 52.440; 44.70; -0.00473; 0.03218; 0.36265; 0.07194
1515.0; 52.507; 44.90; -0.00452; 0.03069; 0.56108; 0.06946
1518.0; 52.574; 45.09; -0.00432; 0.02933; 0.75226; 0.06676
1521.0; 52.640; 45.28; -0.00414; 0.02811; 0.93553; 0.06386
1524.0; 52.706; 45.46; -0.00398; 0.02701; 1.11025; 0.06077
1527.0; 52.772; 45.64; -0.00383; 0.02603; 1.27584; 0.05751
1530.0; 52.838; 45.82; -0.00369; 0.02517; 1.43185; 0.05415
1533.0; 52.903; 46.00; -0.00357; 0.02443; 1.57803; 0.05074
1536.0; 52.968; 46.17; -0.00346; 0.02380; 1.71432; 0.04734
1539.0; 53.033; 46.35; -0.00337; 0.02329; 1.84070; 0.04395
1542.0; 53.097; 46.52; -0.00329; 0.02289; 1.95721; 0.04059
1545.0; 53.161; 46.68; -0.00323; 0.02261; 2.06388; 0.03726
1548.0; 53.225; 46.85; -0.00318; 0.02245; 2.16081; 0.03397
1551.0; 53.289; 47.01; -0.00315; 0.02241; 2.24808; 0.03073
1554.0; 53.353; 47.18; -0.00313; 0.02249; 2.32581; 0.02754
1557.0; 53.416; 47.34; -0.00312; 0.02270; 2.39414; 0.02442
1560.0; 53.479; 47.49; -0.00314; 0.02304; 2.45323; 0.02138
1563.0; 53.542; 47.65; -0.00317; 0.02353; 2.50326; 0.01840
1566.0; 53.604; 47.80; -0.00321; 0.02418; 2.54426; 0.01541
1569.0; 53.667; 47.95; -0.00328; 0.02499; 2.57601; 0.01230
1572.0; 53.729; 48.10; -0.00337; 0.02597; 2.59797; 0.00901
1575.0; 53.791; 48.25; -0.00348; 0.02715; 2.60947; 0.00550
1578.0; 53.853; 48.40; -0.00361; 0.02854; 2.60985; 0.00181
1581.0; 53.914; 48.54; -0.00377; 0.03016; 2.59848; -0.00208
1584.0; 53.976; 48.69; -0.00396; 0.03204; 2.57474; -0.00613
1587.0; 54.037; 48.83; -0.00419; 0.03419; 2.53805; -0.01034
1590.0; 54.098; 48.97; -0.00444; 0.03666; 2.48789; -0.01469
1593.0; 54.159; 49.10; -0.00474; 0.03948; 2.42375; -0.01915
1596.0; 54.220; 49.24; -0.00508; 0.04269; 2.34516; -0.02372
1599.0; 54.280; 49.37; -0.00548; 0.04632; 2.25176; -0.02834
1602.0; 54.340; 49.51; -0.00592; 0.05044; 2.14337; -0.03288
1605.0; 54.401; 49.64; -0.00643; 0.05509; 2.02030; -0.03716
1608.0; 54.461; 49.77; -0.00701; 0.06035; 1.88335; -0.04102
1611.0; 54.521; 49.90; -0.00767; 0.06628; 1.73363; -0.04441
1614.0; 54.581; 50.02; -0.00842; 0.07299; 1.57237; -0.04727
1617.0; 54.641; 50.15; -0.00927; 0.08055; 1.40091; -0.04955
1620.0; 54.700; 50.27; -0.01025; 0.08905; 1.22071; -0.05120
1623.0; 54.760; 50.39; -0.01135; 0.09855; 1.03335; -0.05217
1626.0; 54.819; 50.51; -0.01261; 0.10903; 0.84053; -0.05240
1629.0; 54.879; 50.63; -0.01404; 0.12038; 0.64409; -0.05184
1632.0; 54.938; 50.74; -0.01563; 0.13230; 0.44596; -0.05044
1635.0; 54.997; 50.86; -0.01740; 0.14427; 0.24817; -0.04819
1638.0; 55.056; 50.97; -0.01930; 0.15558; 0.05279; -0.04512
1641.0; 55.115; 51.07; -0.02130; 0.16540; -0.13815; -0.04129
1644.0; 55.174; 51.18; -0.02332; 0.17297; -0.32269; -0.03682
1647.0; 55.233; 51.28; -0.02526; 0.17776; -0.49903; -0.03186
1650.0; 55.291; 51.38; -0.02703; 0.17965; -0.66558; -0.02658
1653.0; 55.350; 51.48; -0.02855; 0.17899; -0.82097; -0.02114
1656.0; 55.408; 51.57; -0.02977; 0.17660; -0.96403; -0.01565
1659.0; 55.466; 51.66; -0.03066; 0.17368; -1.09381; -0.01020
1662.0; 55.524; 51.76; -0.03130; 0.17169; -1.20949; -0.00475
1665.0; 55.582; 51.85; -0.03179; 0.17202; -1.31034; 0.00079
1668.0; 55.640; 51.94; -0.03228; 0.17557; -1.39564; 0.00657
1671.0; 55.698; 52.02; -0.03293; 0.18222; -1.46462; 0.01278
1674.0; 55.756; 52.11; -0.03387; 0.19055; -1.51653; 0.01951
1677.0; 55.814; 52.18; -0.03514; 0.19987; -1.55075; 0.02674
1680.0; 55.871; 52.25; -0.03672; 0.20733; -1.56695; 0.03435
1683.0; 55.929; 52.30; -0.03845; 0.21058; -1.56501; 0.04211
1686.0; 55.986; 52.35; -0.04007; 0.20807; -1.54494; 0.04975
1689.0; 56.044; 52.38; -0.04146; 0.20400; -1.50694; 0.05705
1692.0; 56.101; 52.36; -0.04265; 0.20069; -1.45139; 0.06401
1695.0; 56.159; 52.29; -0.04376; 0.19841; -1.37881; 0.07067
1698.0; 56.216; 52.15; -0.04487; 0.19602; -1.28988; 0.07709
1701.0; 56.274; 51.94; -0.04597; 0.19182; -1.18542; 0.08322
1704.0; 56.332; 51.65; -0.04696; 0.18518; -1.06628; 0.08895
1707.0; 56.390; 51.30; -0.04771; 0.17591; -0.93336; 0.09414
1710.0; 56.449; 50.90; -0.04803; 0.16391; -0.78747; 0.09864
1713.0; 56.509; 50.46; -0.04768; 0.14819; -0.62928; 0.10228
1716.0; 56.569; 50.00; -0.04642; 0.12903; -0.45935; 0.10485
1719.0; 56.629; 49.53; -0.04424; 0.11199; -0.27825; 0.10628
1722.0; 56.690; 49.04; -0.04140; 0.09970; -0.08670; 0.10677
1725.0; 56.752; 48.53; -0.03825; 0.09257; 0.11435; 0.10662
1728.0; 56.814; 47.98; -0.03510; 0.08836; 0.32372; 0.10605
1731.0; 56.877; 47.41; -0.03206; 0.08058; 0.53992; 0.10503
1734.0; 56.941; 46.81; -0.02894; 0.06814; 0.76113; 0.10328
1737.0; 57.005; 46.18; -0.02566; 0.05665; 0.98536; 0.10069
1740.0; 57.071; 45.51; -0.02239; 0.04884; 1.21051; 0.09741
1743.0; 57.137; 44.82; -0.01938; 0.04525; 1.43439; 0.09365
1746.0; 57.205; 44.10; -0.01683; 0.04514; 1.65472; 0.08955
1749.0; 57.273; 43.36; -0.01482; 0.04723; 1.86883; 0.08504
1752.0; 57.343; 42.61; -0.01334; 0.05035; 2.07360; 0.07998
1755.0; 57.413; 41.84; -0.01233; 0.05369; 2.26581; 0.07434
1758.0; 57.485; 41.07; -0.01167; 0.05680; 2.44248; 0.06809
1761.0; 57.558; 40.28; -0.01128; 0.05956; 2.60093; 0.06124
1764.0; 57.633; 39.49; -0.01105; 0.06206; 2.73875; 0.05376
1767.0; 57.709; 38.68; -0.01094; 0.06447; 2.85372; 0.04565
1770.0; 57.786; 37.87; -0.01091; 0.06699; 2.94381; 0.03693
1773.0; 57.865; 37.06; -0.01093; 0.06982; 3.00714; 0.02763
1776.0; 57.946; 36.23; -0.01101; 0.07314; 3.04198; 0.01780
1779.0; 58.028; 35.40; -0.01114; 0.07708; 3.04684; 0.00755
1782.0; 58.112; 34.57; -0.01132; 0.08170; 3.02109; -0.00246
1785.0; 58.199; 33.72; -0.01157; 0.08704; 2.96740; -0.01051
1788.0; 58.288; 32.86; -0.01189; 0.09313; 2.89433; -0.01453
1791.0; 58.380; 32.00; -0.01225; 0.10005; 2.81563; -0.01331
1794.0; 58.475; 31.12; -0.01268; 0.10795; 2.74739; -0.00650
1797.0; 58.573; 30.24; -0.01316; 0.11699; 2.70651; 0.00598
1800.0; 58.674; 29.35; -0.01369; 0.12745; 2.70915; 0.02316
1803.0; 58.778; 28.46; -0.01430; 0.13972; 2.76534; 0.04193
1806.0; 58.885; 27.57; -0.01499; 0.15427; 2.87327; 0.05847
1809.0; 58.995; 26.70; -0.01579; 0.17164; 3.02171; 0.07085
1812.0; 59.108; 25.84; -0.01675; 0.19242; 3.19689; 0.07901
1815.0; 59.224; 25.02; -0.01791; 0.21699; 3.38599; 0.08347
1818.0; 59.342; 24.23; -0.01932; 0.24516; 3.57815; 0.08498
1821.0; 59.463; 23.48; -0.02103; 0.27566; 3.76537; 0.08462
1824.0; 59.587; 22.78; -0.02302; 0.30608; 3.94301; 0.08333
1827.0; 59.713; 22.12; -0.02522; 0.33358; 4.10832; 0.08131
1830.0; 59.842; 21.50; -0.02744; 0.35618; 4.25857; 0.07816
1833.0; 59.972; 20.91; -0.02945; 0.37379; 4.39038; 0.07337
1836.0; 60.106; 20.33; -0.03108; 0.38919; 4.50018; 0.06678
1839.0; 60.241; 19.77; -0.03238; 0.40724; 4.58500; 0.05871
1842.0; 60.379; 19.23; -0.03366; 0.42589; 4.64181; 0.04907
1845.0; 60.519; 18.71; -0.03500; 0.44272; 4.66569; 0.03684
1848.0; 60.662; 18.20; -0.03628; 0.45892; 4.64891; 0.02077
1851.0; 60.806; 17.69; -0.03748; 0.47417; 4.58146; -0.00003
1854.0; 60.953; 17.19; -0.03859; 0.48972; 4.45259; -0.02491
1857.0; 61.105; 16.70; -0.03968; 0.51320; 4.25642; -0.04932
1860.0; 61.263; 16.23; -0.04179; 0.54589; 3.99939; -0.06599
1863.0; 61.427; 15.86; -0.04503; 0.56957; 3.70184; -0.07133
1866.0; 61.598; 15.58; -0.04852; 0.58041; 3.38933; -0.06730
1869.0; 61.774; 15.35; -0.05145; 0.58398; 3.08357; -0.05738
1872.0; 61.954; 15.14; -0.05332; 0.58424; 2.80000; -0.04446
1875.0; 62.138; 14.94; -0.05428; 0.58720; 2.54811; -0.03040
1878.0; 62.325; 14.72; -0.05465; 0.59219; 2.33241; -0.01640
1881.0; 62.515; 14.51; -0.05464; 0.59876; 2.15308; -0.00364
1884.0; 62.708; 14.28; -0.05447; 0.60674; 2.00644; 0.00693
1887.0; 62.905; 14.06; -0.05433; 0.61624; 1.88595; 0.01480
1890.0; 63.104; 13.93; -0.05099; 0.59216; 1.78443; 0.01726
1893.0; 63.304; 13.98; -0.03475; 0.50141; 1.69836; 0.00709
1896.0; 63.503; 14.28; -0.00259; 0.42301; 1.62844; -0.02144
1899.0; 63.698; 14.65; 0.00925; 0.52165; 1.55319; -0.03862
1902.0; 63.890; 14.93; 0.00554; 0.57277; 1.46808; -0.03478
1905.0; 64.081; 15.04; -0.00083; 0.59007; 1.39321; -0.02128
1908.0; 64.272; 15.02; -0.00643; 0.59412; 1.34605; -0.00370
1911.0; 64.464; 14.90; -0.01047; 0.59553; 1.33768; 0.01507
1914.0; 64.658; 14.72; -0.01318; 0.60011; 1.37329; 0.03344
1917.0; 64.853; 14.53; -0.01406; 0.59652; 1.45245; 0.04881
1920.0; 65.050; 14.35; -0.01264; 0.59265; 1.56757; 0.05817
1923.0; 65.247; 14.26; -0.00810; 0.57384; 1.70324; 0.05745
1926.0; 65.441; 14.43; -0.00011; 0.53709; 1.83214; 0.04061
1929.0; 65.630; 14.70; 0.00434; 0.54514; 1.91535; 0.01383
1932.0; 65.816; 14.94; 0.00318; 0.56237; 1.92995; -0.01017
1935.0; 66.000; 15.17; 0.00015; 0.56208; 1.88172; -0.02666
1938.0; 66.183; 15.38; -0.00230; 0.55130; 1.78816; -0.03721
1941.0; 66.365; 15.60; -0.00376; 0.53833; 1.66307; -0.04516
1944.0; 66.546; 15.84; -0.00457; 0.52416; 1.51162; -0.05325
1947.0; 66.725; 16.10; -0.00483; 0.50231; 1.33348; -0.06121
1950.0; 66.903; 16.43; -0.00406; 0.46202; 1.13568; -0.06432
1953.0; 67.080; 16.88; -0.00222; 0.39451; 0.94180; -0.05863
1956.0; 67.252; 17.49; -0.00070; 0.29765; 0.77842; -0.04584
1959.0; 67.419; 18.28; -0.00059; 0.16848; 0.65763; -0.03080
1962.0; 67.583; 18.45; -0.00146; -0.00195; 0.57511; -0.01865
1965.0; 67.750; 17.72; -0.00034; -0.20626; 0.51643; -0.01607
1968.0; 67.926; 16.65; 0.00341; -0.37187; 0.45970; -0.02311
1971.0; 68.113; 15.78; 0.00668; -0.47829; 0.38724; -0.03278
1974.0; 68.310; 15.07; 0.01018; -0.55487; 0.30251; -0.03723
1977.0; 68.515; 14.44; 0.01441; -0.60199; 0.23369; -0.02972
1980.0; 68.730; 13.84; 0.01860; -0.63226; 0.22185; -0.00912
1983.0; 68.955; 13.22; 0.02206; -0.65749; 0.29235; 0.01356
1986.0; 69.192; 12.58; 0.02472; -0.68524; 0.42245; 0.02066
1989.0; 69.444; 11.88; 0.02740; -0.72199; 0.54569; 0.00334
1992.0; 69.713; 11.11; 0.03359; -0.78268; 0.59144; -0.03721
1995.0; 69.996; 10.78; 0.03938; -0.80693; 0.51134; -0.08572
1998.0; 70.282; 10.90; 0.03107; -0.69632; 0.32474; -0.10038
2001.0; 70.557; 11.30; -0.01987; -0.51546; 0.11684; -0.03822
2004.0; 70.818; 11.84; -0.03543; -0.62872; 0.02974; 0.03892
2007.0; 71.068; 12.27; -0.03024; -0.65637; 0.13313; 0.09299
2010.0; 71.314; 12.68; -0.02454; -0.63464; 0.40118; 0.13375
2013.0; 71.555; 13.14; -0.02029; -0.58954; 0.78975; 0.15431
2016.0; 71.789; 13.70; -0.01668; -0.52374; 1.21364; 0.14547
2019.0; 72.012; 14.37; -0.01289; -0.44277; 1.57964; 0.11394
2022.0; 72.220; 15.13; -0.00897; -0.35551; 1.84411; 0.07742
2025.0; 72.417; 15.96; -0.00547; -0.27017; 2.01667; 0.04906
2028.0; 72.603; 16.85; -0.00277; -0.19332; 2.12763; 0.03135
2031.0; 72.778; 17.75; -0.00101; -0.13074; 2.20220; 0.02084
2034.0; 72.944; 18.64; -0.00009; -0.08917; 2.25284; 0.01304
2037.0; 73.102; 19.51; 0.00030; -0.07675; 2.27932; 0.00378
2040.0; 73.252; 20.33; 0.00064; -0.07818; 2.27523; -0.00767
2043.0; 73.397; 21.11; 0.00106; -0.07824; 2.23681; -0.01966
2046.0; 73.537; 21.87; 0.00146; -0.07831; 2.16412; -0.03130
2049.0; 73.672; 22.59; 0.00183; -0.07845; 2.05825; -0.04253
2052.0; 73.802; 23.29; 0.00217; -0.07864; 1.92026; -0.05339
2055.0; 73.929; 23.97; 0.00250; -0.07887; 1.75115; -0.06391
2058.0; 74.053; 24.63; 0.00282; -0.07912; 1.55181; -0.07411
2061.0; 74.174; 25.27; 0.00312; -0.07940; 1.32305; -0.08403
2064.0; 74.291; 25.89; 0.00329; -0.07056; 1.06651; -0.09295
2067.0; 74.406; 26.50; 0.00305; -0.04990; 0.78612; -0.09965
2070.0; 74.519; 27.09; 0.00227; -0.02032; 0.48860; -0.10315
2073.0; 74.629; 27.67; 0.00097; 0.01478; 0.18299; -0.10284
2076.0; 74.737; 28.23; -0.00075; 0.05137; -0.12033; -0.09859
2079.0; 74.843; 28.78; -0.00272; 0.08441; -0.41091; -0.09075
2082.0; 74.947; 29.17; -0.00490; 0.11300; -0.67940; -0.07986
2085.0; 75.050; 29.20; -0.00746; 0.13770; -0.91821; -0.06632
2088.0; 75.153; 28.80; -0.01024; 0.14706; -1.12184; -0.05114
2091.0; 75.259; 28.02; -0.01228; 0.13122; -1.28750; -0.03631
2094.0; 75.368; 27.01; -0.01196; 0.08313; -1.41584; -0.02483
2097.0; 75.482; 25.90; -0.00882; 0.02746; -1.51201; -0.01876
2100.0; 75.600; 24.67; -0.00470; -0.00617; -1.58547; -0.01725
2103.0; 75.725; 23.35; -0.00159; -0.01434; -1.64665; -0.01777
2106.0; 75.858; 21.96; -0.00023; -0.00346; -1.70238; -0.01786
2109.0; 75.999; 20.49; -0.00001; -0.00014; -1.75715; -0.01897
2112.0; 76.152; 18.97; -0.00045; 0.03991; -1.81719; -0.02186
2115.0; 76.319; 17.46; -0.00126; 0.12348; -1.88733; -0.02444
2118.0; 76.502; 16.05; -0.00099; 0.24738; -1.95670; -0.02010
2121.0; 76.703; 14.83; 0.00073; 0.38938; -1.98901; -0.00152
2124.0; 76.923; 13.81; 0.00278; 0.52116; -1.93135; 0.03440
2127.0; 77.160; 12.95; 0.00451; 0.61883; -1.73140; 0.08433
2130.0; 77.415; 12.17; 0.00701; 0.67298; -1.36114; 0.13317
2133.0; 77.689; 11.39; 0.01421; 0.69736; -0.86119; 0.14823
2136.0; 77.972; 11.15; 0.03135; 0.69807; -0.38685; 0.08934
2139.0; 78.252; 10.93; 0.03912; 0.73980; -0.15434; -0.01068
2142.0; 78.524; 11.37; 0.04045; 0.69735; -0.19453; -0.08654
2145.0; 78.789; 11.80; 0.03532; 0.67925; -0.38265; -0.10212
2148.0; 79.043; 12.36; 0.02908; 0.60333; -0.58398; -0.08838
2151.0; 79.285; 13.14; 0.02101; 0.46097; -0.77687; -0.08244
2154.0; 79.510; 14.13; 0.01123; 0.28017; -1.00590; -0.09203
2157.0; 79.719; 15.25; 0.00345; 0.11061; -1.29889; -0.10712
2160.0; 79.911; 16.32; -0.00024; -0.00245; -1.63432; -0.11159
2163.0; 80.088; 17.28; -0.00180; -0.10146; -1.95882; -0.09983
2166.0; 80.252; 18.01; -0.00196; -0.22795; -2.22968; -0.08011
2169.0; 80.408; 18.54; 0.00042; -0.34175; -2.43584; -0.06228
2172.0; 80.559; 18.91; 0.00510; -0.41209; -2.58551; -0.04925
2175.0; 80.706; 19.20; 0.01041; -0.43599; -2.68431; -0.03631
2178.0; 80.850; 19.44; 0.01441; -0.42869; -2.72566; -0.01728
2181.0; 80.991; 19.68; 0.01611; -0.40493; -2.69376; 0.01085
2184.0; 81.131; 19.96; 0.01564; -0.37453; -2.57199; 0.04538
2187.0; 81.270; 20.28; 0.01387; -0.34265; -2.35484; 0.07876
2190.0; 81.410; 20.66; 0.01182; -0.31109; -2.05378; 0.10460
2193.0; 81.550; 21.09; 0.01007; -0.27925; -1.69115; 0.12105
2196.0; 81.688; 21.58; 0.00872; -0.24637; -1.29207; 0.12871
2199.0; 81.826; 22.12; 0.00765; -0.21282; -0.88115; 0.12867
2202.0; 81.960; 22.69; 0.00673; -0.17963; -0.47999; 0.12295
2205.0; 82.091; 23.29; 0.00591; -0.14792; -0.10206; 0.11497
2208.0; 82.219; 23.91; 0.00513; -0.11895; 0.25018; 0.10767
2211.0; 82.344; 24.55; 0.00441; -0.09480; 0.58028; 0.10174
2214.0; 82.465; 25.18; 0.00383; -0.07926; 0.89126; 0.09626
2217.0; 82.584; 25.81; 0.00355; -0.07643; 1.18287; 0.08979
2220.0; 82.699; 26.41; 0.00364; -0.07990; 1.45190; 0.08163
2223.0; 82.812; 27.00; 0.00392; -0.08038; 1.69506; 0.07249
2226.0; 82.922; 27.58; 0.00419; -0.08065; 1.91107; 0.06320
2229.0; 83.030; 28.14; 0.00445; -0.08098; 2.10007; 0.05405
2232.0; 83.136; 28.69; 0.00470; -0.08133; 2.26254; 0.04507
2235.0; 83.239; 29.22; 0.00494; -0.08169; 2.39899; 0.03625
2238.0; 83.341; 29.75; 0.00518; -0.08205; 2.50988; 0.02757
2241.0; 83.441; 30.26; 0.00541; -0.08240; 2.59565; 0.01904
2244.0; 83.539; 30.76; 0.00563; -0.08276; 2.65669; 0.01064
2247.0; 83.636; 31.25; 0.00585; -0.08312; 2.69340; 0.00237
2250.0; 83.731; 31.73; 0.00587; -0.07194; 2.70682; -0.00509
2253.0; 83.825; 32.21; 0.00535; -0.05236; 2.69955; -0.01087
2256.0; 83.918; 32.67; 0.00436; -0.03347; 2.67544; -0.01476
2259.0; 84.009; 33.13; 0.00323; -0.02006; 2.63872; -0.01716
2262.0; 84.099; 33.56; 0.00226; -0.01189; 2.59309; -0.01862
2265.0; 84.188; 33.99; 0.00153; -0.00721; 2.54141; -0.01953
2268.0; 84.275; 34.40; 0.00102; -0.00465; 2.48565; -0.02013
2271.0; 84.362; 34.81; 0.00069; -0.00329; 2.42711; -0.02057
2274.0; 84.448; 35.20; 0.00048; -0.00260; 2.36660; -0.02091
2277.0; 84.533; 35.58; 0.00036; -0.00228; 2.30464; -0.02121
2280.0; 84.617; 35.95; 0.00029; -0.00214; 2.24154; -0.02149
2283.0; 84.700; 36.31; 0.00024; -0.00209; 2.17746; -0.02175
2286.0; 84.782; 36.66; 0.00022; -0.00210; 2.11253; -0.02200
2289.0; 84.863; 37.00; 0.00022; -0.00213; 2.04682; -0.02224
2292.0; 84.944; 37.33; 0.00021; -0.00217; 1.98037; -0.02248
2295.0; 85.024; 37.66; 0.00022; -0.00223; 1.91322; -0.02271
2298.0; 85.103; 37.98; 0.00022; -0.00230; 1.84537; -0.02295
2301.0; 85.182; 38.29; 0.00023; -0.00237; 1.77686; -0.02317
2304.0; 85.260; 38.60; 0.00024; -0.00246; 1.70770; -0.02340
2307.0; 85.338; 38.90; 0.00025; -0.00256; 1.63788; -0.02362
2310.0; 85.415; 39.19; 0.00026; -0.00267; 1.56742; -0.02385
2313.0; 85.491; 39.48; 0.00027; -0.00280; 1.49632; -0.02408
2316.0; 85.567; 39.76; 0.00029; -0.00294; 1.42459; -0.02430
2319.0; 85.642; 40.03; 0.00031; -0.00309; 1.35221; -0.02453
2322.0; 85.716; 40.30; 0.00032; -0.00326; 1.27919; -0.02477
2325.0; 85.791; 40.57; 0.00034; -0.00344; 1.20551; -0.02501
2328.0; 85.864; 40.83; 0.00037; -0.00364; 1.13118; -0.02525
