# s_m; t_s; f_x_fl_N; f_y_fl_N; f_z_fl_N; f_x_fr_N; f_y_fr_N; f_z_fr_N;f_x_rl_N; f_y_rl_N; f_z_rl_N; f_x_rr_N;f_y_rr_N; f_z_rr_N;
0.0; 0.000; -35.7; -38.2; 2873.2; -35.7; -37.8; 2834.8; 2775.8; -43.0; 4051.4; 2775.8; -42.6; 4013.0
3.0; 0.073; -35.7; -40.6; 2882.3; -35.7; -40.1; 2841.5; 2758.3; -45.7; 4057.3; 2758.3; -45.3; 4016.5
6.0; 0.146; -35.7; -43.3; 2891.4; -35.7; -42.7; 2848.0; 2741.3; -48.6; 4063.2; 2741.3; -48.2; 4019.8
9.0; 0.218; -35.7; -46.1; 2900.5; -35.7; -45.5; 2854.3; 2724.8; -51.8; 4069.2; 2724.8; -51.3; 4023.0
12.0; 0.290; -35.7; -49.2; 2909.6; -35.7; -48.5; 2860.3; 2708.7; -55.2; 4075.3; 2708.7; -54.7; 4026.0
15.0; 0.362; -35.7; -52.6; 2918.6; -35.7; -51.7; 2866.0; 2693.2; -59.0; 4081.6; 2693.2; -58.3; 4029.0
18.0; 0.433; -35.7; -56.2; 2927.7; -35.7; -55.2; 2871.5; 2678.0; -63.0; 4087.9; 2678.0; -62.3; 4031.7
21.0; 0.504; -35.7; -60.1; 2936.9; -35.7; -59.0; 2876.8; 2663.3; -67.4; 4094.4; 2663.3; -66.5; 4034.3
24.0; 0.574; -35.7; -64.4; 2946.0; -35.7; -63.1; 2881.8; 2649.0; -72.1; 4101.0; 2649.0; -71.1; 4036.7
27.0; 0.644; -35.7; -68.9; 2955.3; -35.7; -67.5; 2886.5; 2635.0; -77.2; 4107.7; 2635.0; -76.1; 4039.0
30.0; 0.714; -35.7; -73.9; 2964.6; -35.7; -72.2; 2890.9; 2621.4; -82.7; 4114.7; 2621.4; -81.4; 4041.0
33.0; 0.783; -35.7; -79.2; 2974.0; -35.7; -77.4; 2895.1; 2608.2; -88.6; 4121.7; 2608.2; -87.2; 4042.8
36.0; 0.852; -35.7; -85.0; 2983.5; -35.7; -82.9; 2898.9; 2595.3; -95.0; 4129.0; 2595.3; -93.4; 4044.4
39.0; 0.921; -35.7; -91.2; 2993.1; -35.7; -88.8; 2902.4; 2582.7; -101.9; 4136.5; 2582.7; -100.1; 4045.7
42.0; 0.989; -35.7; -98.0; 3002.9; -35.7; -95.2; 2905.6; 2570.4; -109.4; 4144.1; 2570.4; -107.3; 4046.8
45.0; 1.057; -35.7; -105.3; 3012.9; -35.7; -102.0; 2908.4; 2558.4; -117.5; 4152.0; 2558.4; -115.0; 4047.6
48.0; 1.125; -35.7; -113.1; 3023.0; -35.7; -109.4; 2910.9; 2546.7; -126.2; 4160.2; 2546.7; -123.4; 4048.1
51.0; 1.192; -35.7; -121.7; 3033.4; -35.7; -117.4; 2913.0; 2535.3; -135.6; 4168.7; 2535.3; -132.4; 4048.2
54.0; 1.259; -35.7; -130.9; 3044.0; -35.7; -125.9; 2914.7; 2524.2; -145.8; 4177.4; 2524.2; -142.1; 4048.1
57.0; 1.326; -35.7; -140.9; 3054.9; -35.7; -135.2; 2915.9; 2513.2; -156.8; 4186.5; 2513.2; -152.5; 4047.5
60.0; 1.393; -35.7; -151.6; 3066.1; -35.7; -145.1; 2916.7; 2502.6; -168.7; 4195.9; 2502.6; -163.8; 4046.5
63.0; 1.459; -35.7; -163.3; 3077.7; -35.7; -155.8; 2917.0; 2492.2; -181.6; 4205.8; 2492.2; -175.9; 4045.1
66.0; 1.525; -35.7; -176.0; 3089.6; -35.7; -167.3; 2916.8; 2482.0; -195.6; 4216.0; 2482.0; -188.9; 4043.2
69.0; 1.591; -35.7; -189.7; 3101.9; -35.7; -179.6; 2916.0; 2472.0; -210.6; 4226.7; 2472.0; -202.9; 4040.8
72.0; 1.656; -35.7; -204.6; 3114.7; -35.7; -192.9; 2914.6; 2462.2; -227.0; 4237.9; 2462.2; -218.1; 4037.8
75.0; 1.721; -35.7; -220.7; 3128.0; -35.7; -207.2; 2912.6; 2452.6; -244.7; 4249.7; 2452.6; -234.4; 4034.3
78.0; 1.786; -35.7; -238.2; 3141.8; -35.7; -222.6; 2909.9; 2443.3; -263.9; 4262.0; 2443.3; -251.9; 4030.1
81.0; 1.851; -35.7; -257.3; 3156.3; -35.7; -239.2; 2906.4; 2434.1; -284.7; 4275.0; 2434.1; -270.8; 4025.2
84.0; 1.915; -35.7; -277.9; 3171.3; -35.7; -257.0; 2902.2; 2425.1; -307.2; 4288.7; 2425.1; -291.2; 4019.6
87.0; 1.979; -35.7; -300.4; 3187.2; -35.7; -276.1; 2897.1; 2416.3; -331.7; 4303.1; 2416.3; -313.1; 4013.1
90.0; 2.043; -35.7; -324.8; 3203.8; -35.7; -296.7; 2891.1; 2407.7; -358.3; 4318.4; 2407.7; -336.7; 4005.8
93.0; 2.107; -35.7; -351.4; 3221.2; -35.7; -318.8; 2884.1; 2399.3; -387.2; 4334.6; 2399.3; -362.1; 3997.5
96.0; 2.171; -35.7; -380.4; 3239.6; -35.7; -342.4; 2876.1; 2391.0; -418.5; 4351.7; 2391.0; -389.4; 3988.2
99.0; 2.234; -35.7; -411.9; 3259.0; -35.7; -367.8; 2866.9; 2382.9; -452.6; 4369.9; 2382.9; -418.8; 3977.8
102.0; 2.297; -35.7; -446.2; 3279.5; -35.7; -395.0; 2856.6; 2374.9; -489.6; 4389.2; 2374.9; -450.3; 3966.2
105.0; 2.360; -35.7; -483.5; 3301.2; -35.7; -424.1; 2844.9; 2367.1; -529.9; 4409.7; 2367.1; -484.1; 3953.3
108.0; 2.422; -35.7; -524.2; 3324.1; -35.7; -455.1; 2831.8; 2359.5; -573.6; 4431.5; 2359.5; -520.4; 3939.1
111.0; 2.485; -35.7; -568.6; 3348.5; -35.7; -488.3; 2817.2; 2352.0; -621.1; 4454.7; 2352.0; -559.3; 3923.4
114.0; 2.547; -35.7; -617.0; 3374.3; -35.7; -523.6; 2801.0; 2344.6; -672.8; 4479.5; 2344.6; -600.8; 3906.2
117.0; 2.609; -35.7; -669.8; 3401.8; -35.7; -561.2; 2783.1; 2337.4; -729.0; 4505.9; 2337.4; -645.3; 3887.2
120.0; 2.671; -35.7; -727.4; 3431.0; -35.7; -601.1; 2763.3; 2330.3; -790.1; 4534.0; 2330.3; -692.7; 3866.4
123.0; 2.732; -35.7; -790.5; 3462.1; -35.7; -643.6; 2741.5; 2323.4; -856.8; 4564.1; 2323.4; -743.4; 3843.6
126.0; 2.794; -35.7; -859.5; 3495.2; -35.7; -688.6; 2717.5; 2316.6; -929.4; 4596.3; 2316.6; -797.5; 3818.6
129.0; 2.855; -35.7; -935.0; 3530.6; -35.7; -736.1; 2691.2; 2309.9; -1008.6; 4630.8; 2309.9; -855.0; 3791.4
132.0; 2.916; -35.7; -1017.3; 3568.3; -35.7; -786.0; 2662.5; 2303.3; -1094.8; 4667.5; 2303.3; -916.1; 3761.8
135.0; 2.976; -35.7; -1106.6; 3608.2; -35.7; -838.0; 2631.4; 2296.9; -1188.2; 4706.5; 2296.9; -980.5; 3729.8
138.0; 3.037; -35.7; -1202.5; 3650.2; -35.7; -891.3; 2598.2; 2290.6; -1288.6; 4747.6; 2290.6; -1047.7; 3695.6
141.0; 3.097; -35.7; -1303.9; 3693.7; -35.7; -945.0; 2563.2; 2284.5; -1395.1; 4790.4; 2284.5; -1116.9; 3659.8
144.0; 3.157; -35.7; -1408.6; 3738.1; -35.7; -997.8; 2527.3; 2278.4; -1505.9; 4833.9; 2278.4; -1186.6; 3623.1
147.0; 3.217; -35.7; -1513.7; 3782.2; -35.7; -1047.9; 2491.5; 2272.5; -1618.4; 4877.2; 2272.5; -1255.2; 3586.5
150.0; 3.277; -35.7; -1615.1; 3824.6; -35.7; -1093.7; 2457.4; 2266.7; -1728.6; 4918.8; 2266.7; -1320.4; 3551.6
153.0; 3.337; -35.7; -1708.4; 3863.9; -35.7; -1133.7; 2426.2; 2261.1; -1832.0; 4957.3; 2261.1; -1380.0; 3519.7
156.0; 3.397; -35.7; -1789.4; 3898.5; -35.7; -1166.7; 2399.6; 2255.5; -1923.9; 4991.1; 2255.5; -1431.7; 3492.3
159.0; 3.456; -35.7; -1854.5; 3927.2; -35.7; -1192.1; 2378.8; 2250.1; -2000.1; 5019.2; 2250.1; -1473.7; 3470.8
162.0; 3.515; -35.7; -1901.2; 3949.2; -35.7; -1209.7; 2364.5; 2244.7; -2057.3; 5040.5; 2244.7; -1505.0; 3455.8
165.0; 3.574; -35.7; -1928.9; 3964.2; -35.7; -1220.0; 2357.2; 2239.5; -2093.5; 5054.8; 2239.5; -1524.8; 3447.8
168.0; 3.633; -35.7; -1938.4; 3972.4; -35.7; -1223.5; 2356.6; 2234.3; -2108.8; 5062.3; 2234.3; -1533.5; 3446.5
171.0; 3.692; -35.7; -1931.1; 3974.4; -35.7; -1221.0; 2362.2; 2229.2; -2104.7; 5063.6; 2229.2; -1532.0; 3451.5
174.0; 3.751; -35.7; -1910.0; 3971.0; -35.7; -1213.5; 2373.1; 2224.2; -2084.0; 5059.6; 2224.2; -1521.6; 3461.7
177.0; 3.810; -35.7; -1878.3; 3963.6; -35.7; -1202.1; 2387.9; 2219.3; -2050.4; 5051.5; 2219.3; -1504.2; 3475.9
180.0; 3.868; -35.7; -1839.8; 3953.3; -35.7; -1187.9; 2405.6; 2214.4; -2008.1; 5040.7; 2214.4; -1481.8; 3492.9
183.0; 3.927; -35.7; -1797.8; 3941.6; -35.7; -1172.1; 2424.6; 2209.5; -1961.4; 5028.3; 2209.5; -1456.7; 3511.4
186.0; 3.985; -35.7; -1755.6; 3929.6; -35.7; -1155.9; 2443.9; 2204.7; -1914.0; 5015.7; 2204.7; -1430.9; 3530.0
189.0; 4.043; -35.7; -1716.1; 3918.4; -35.7; -1140.3; 2462.3; 2200.0; -1869.2; 5004.0; 2200.0; -1406.1; 3547.8
192.0; 4.101; -35.7; -1681.7; 3909.0; -35.7; -1126.6; 2478.9; 2195.3; -1829.8; 4994.0; 2195.3; -1384.0; 3563.9
195.0; 4.159; -35.7; -1654.4; 3902.1; -35.7; -1115.7; 2493.0; 2190.7; -1797.7; 4986.5; 2190.7; -1365.8; 3577.4
198.0; 4.217; -35.7; -1636.0; 3898.3; -35.7; -1108.6; 2503.8; 2186.2; -1774.8; 4982.1; 2186.2; -1352.7; 3587.7
201.0; 4.274; -35.7; -1627.9; 3898.2; -35.7; -1106.0; 2510.9; 2181.7; -1762.5; 4981.5; 2181.7; -1345.6; 3594.2
204.0; 4.332; -35.7; -1631.3; 3902.3; -35.7; -1108.4; 2513.8; 2177.2; -1762.0; 4985.1; 2177.2; -1345.3; 3596.6
207.0; 4.389; -35.7; -1646.8; 3910.8; -35.7; -1116.3; 2512.2; 2172.9; -1774.3; 4993.1; 2172.9; -1352.3; 3594.4
210.0; 4.447; -35.7; -1674.7; 3923.9; -35.7; -1129.5; 2506.0; 2168.6; -1799.7; 5005.6; 2168.6; -1366.9; 3587.7
213.0; 4.504; -35.7; -1714.4; 3941.3; -35.7; -1147.5; 2495.3; 2164.3; -1838.2; 5022.5; 2164.3; -1388.7; 3576.6
216.0; 4.561; -35.7; -1764.4; 3962.5; -35.7; -1169.4; 2480.8; 2160.1; -1888.6; 5043.2; 2160.1; -1417.0; 3561.6
219.0; 4.618; -35.7; -1821.7; 3986.5; -35.7; -1193.6; 2463.4; 2156.0; -1948.4; 5066.8; 2156.0; -1450.3; 3543.7
222.0; 4.675; -35.7; -1882.1; 4011.9; -35.7; -1218.0; 2444.5; 2152.0; -2014.0; 5091.7; 2152.0; -1486.3; 3524.3
225.0; 4.732; -35.7; -1940.2; 4036.8; -35.7; -1240.5; 2426.1; 2148.0; -2080.1; 5116.2; 2148.0; -1522.2; 3505.4
228.0; 4.788; -35.7; -1989.8; 4059.1; -35.7; -1258.8; 2410.1; 2144.1; -2140.5; 5138.0; 2144.1; -1554.8; 3489.0
231.0; 4.845; -35.7; -2024.0; 4076.4; -35.7; -1270.5; 2399.1; 2140.3; -2188.0; 5154.9; 2140.3; -1580.6; 3477.6
234.0; 4.902; -35.7; -2036.3; 4086.5; -35.7; -1273.7; 2395.3; 2136.5; -2215.3; 5164.5; 2136.5; -1596.1; 3473.3
237.0; 4.958; -35.7; -2020.6; 4087.0; -35.7; -1266.5; 2401.0; 2132.8; -2215.1; 5164.6; 2132.8; -1597.8; 3478.6
240.0; 5.014; -35.7; -1971.6; 4076.0; -35.7; -1246.6; 2418.1; 2129.1; -2180.8; 5153.2; 2129.1; -1582.1; 3495.3
243.0; 5.071; -35.7; -1885.2; 4051.5; -35.7; -1211.7; 2448.7; 2125.4; -2106.8; 5128.3; 2125.4; -1545.4; 3525.5
246.0; 5.127; -35.7; -1759.5; 4012.2; -35.7; -1159.4; 2494.1; 2121.7; -1989.3; 5088.6; 2121.7; -1484.1; 3570.5
249.0; 5.183; -35.7; -1594.6; 3957.1; -35.7; -1086.6; 2555.4; 2118.1; -1826.9; 5033.1; 2118.1; -1394.5; 3631.3
252.0; 5.239; -35.7; -1394.2; 3886.3; -35.7; -990.7; 2632.3; 2114.4; -1621.4; 4961.9; 2114.4; -1274.1; 3707.9
255.0; 5.295; -35.7; -1166.3; 3801.3; -35.7; -870.7; 2723.5; 2110.8; -1379.6; 4876.5; 2110.8; -1121.8; 3798.7
258.0; 5.351; -36.7; -928.3; 3727.9; -36.7; -732.7; 2845.4; 1937.5; -1114.8; 4759.4; 1937.5; -940.3; 3876.9
261.0; 5.407; -37.2; -703.2; 3714.7; -37.2; -588.5; 3029.2; 1267.5; -851.3; 4576.4; 1267.5; -743.4; 3890.9
264.0; 5.463; -43.0; -503.7; 3753.9; -43.0; -444.4; 3250.4; 226.3; -616.2; 4349.9; 226.3; -555.6; 3846.4
267.0; 5.519; -663.1; -338.2; 3834.9; -663.1; -311.5; 3487.4; -455.9; -421.2; 4099.7; -455.9; -390.6; 3752.3
270.0; 5.576; -1523.0; -209.5; 3944.2; -1523.0; -199.3; 3722.0; -1031.0; -268.0; 3843.5; -1031.0; -254.5; 3621.4
273.0; 5.633; -2388.5; -116.6; 4066.1; -2388.5; -113.4; 3938.2; -1608.5; -153.9; 3597.2; -1608.5; -149.1; 3469.2
276.0; 5.690; -3182.3; -55.8; 4184.0; -3182.3; -55.0; 4121.1; -2137.9; -74.6; 3376.3; -2137.9; -73.4; 3313.4
279.0; 5.748; -3825.7; -21.6; 4279.8; -3825.7; -21.4; 4256.7; -2567.0; -25.1; 3196.4; -2567.0; -24.9; 3173.2
282.0; 5.807; -4237.0; -7.2; 4335.0; -4237.0; -7.2; 4331.4; -2841.2; 0.5; 3073.5; -2841.2; 0.5; 3069.9
285.0; 5.868; -4330.7; -7.6; 4330.8; -4330.7; -7.6; 4330.8; -2904.1; 7.2; 3025.1; -2904.1; 7.2; 3025.1
288.0; 5.929; -4302.8; -5.0; 4302.8; -4302.8; -5.0; 4302.8; -2885.5; 4.4; 3004.5; -2885.5; 4.4; 3004.5
291.0; 5.991; -4275.1; -0.9; 4275.1; -4275.1; -0.9; 4275.1; -2867.1; 0.7; 2984.1; -2867.1; 0.7; 2984.1
294.0; 6.054; -4247.7; 0.8; 4247.7; -4247.7; 0.8; 4247.7; -2848.8; -0.8; 2963.8; -2848.8; -0.8; 2963.8
297.0; 6.119; -4220.5; 0.7; 4220.5; -4220.5; 0.7; 4220.5; -2830.7; -0.6; 2943.8; -2830.7; -0.6; 2943.8
300.0; 6.184; -4193.6; 0.2; 4193.6; -4193.6; 0.2; 4193.6; -2812.7; -0.1; 2923.9; -2812.7; -0.1; 2923.9
303.0; 6.251; -4166.9; -0.1; 4166.9; -4166.9; -0.1; 4166.9; -2794.9; 0.1; 2904.3; -2794.9; 0.1; 2904.3
306.0; 6.319; -4140.4; -0.1; 4140.4; -4140.4; -0.1; 4140.4; -2777.3; 0.1; 2884.8; -2777.3; 0.1; 2884.8
309.0; 6.389; -4114.2; -0.0; 4114.2; -4114.2; -0.0; 4114.2; -2759.8; 0.0; 2865.5; -2759.8; 0.0; 2865.5
312.0; 6.460; -4088.3; 0.0; 4088.3; -4088.3; 0.0; 4088.3; -2742.5; 0.0; 2846.3; -2742.5; 0.0; 2846.3
315.0; 6.533; -4062.5; 0.0; 4062.5; -4062.5; 0.0; 4062.5; -2725.3; 0.0; 2827.4; -2725.3; 0.0; 2827.4
318.0; 6.607; -4037.0; 0.0; 4037.0; -4037.0; 0.0; 4037.0; -2708.3; 0.0; 2808.6; -2708.3; 0.0; 2808.6
321.0; 6.684; -4011.8; 0.0; 4011.8; -4011.8; 0.0; 4011.8; -2691.5; 0.0; 2789.9; -2691.5; 0.0; 2790.0
324.0; 6.762; -3986.7; 0.0; 3986.7; -3986.7; 0.0; 3986.7; -2674.8; 0.0; 2771.5; -2674.8; 0.0; 2771.5
327.0; 6.842; -3961.5; 1.0; 3961.5; -3961.5; 1.0; 3962.2; -2658.0; 0.6; 2752.9; -2658.0; 0.6; 2753.7
330.0; 6.924; -3922.1; 32.4; 3922.3; -3922.1; 32.6; 3946.1; -2631.8; 19.5; 2726.5; -2631.8; 19.7; 2750.3
333.0; 7.008; -3867.4; 85.4; 3868.4; -3867.4; 86.8; 3938.9; -2595.3; 65.8; 2691.8; -2595.3; 67.3; 2762.3
336.0; 7.095; -3798.4; 154.7; 3801.5; -3798.4; 159.4; 3939.3; -2549.2; 136.4; 2650.4; -2549.2; 142.6; 2788.1
339.0; 7.185; -3718.0; 234.1; 3725.4; -3718.0; 245.7; 3945.0; -2495.7; 222.7; 2604.5; -2495.7; 239.1; 2824.1
342.0; 7.277; -3629.9; 318.4; 3643.9; -3629.9; 341.2; 3953.8; -2437.0; 316.1; 2556.6; -2437.0; 349.6; 2866.5
345.0; 7.372; -3536.5; 404.5; 3559.5; -3536.5; 443.2; 3964.1; -2374.6; 411.1; 2508.2; -2374.6; 469.0; 2912.8
348.0; 7.471; -3438.4; 491.2; 3473.3; -3438.4; 550.9; 3975.4; -2309.2; 505.4; 2460.0; -2309.2; 595.4; 2962.1
351.0; 7.572; -3334.9; 578.9; 3384.7; -3334.9; 665.5; 3987.7; -2240.2; 599.2; 2411.8; -2240.2; 729.5; 3014.8
354.0; 7.678; -3224.0; 668.7; 3292.7; -3224.0; 789.8; 4001.5; -2166.4; 693.6; 2363.4; -2166.4; 874.0; 3072.2
357.0; 7.787; -3102.9; 762.3; 3195.2; -3102.9; 927.6; 4017.5; -2085.6; 790.3; 2314.0; -2085.6; 1032.9; 3136.4
360.0; 7.900; -2967.4; 861.1; 3089.9; -2967.4; 1083.7; 4036.6; -1995.3; 890.9; 2263.0; -1995.3; 1211.6; 3209.7
363.0; 8.018; -2812.7; 966.3; 2974.1; -2812.7; 1264.5; 4059.6; -1892.1; 996.9; 2209.7; -1892.1; 1416.3; 3295.2
366.0; 8.141; -2633.1; 1077.8; 2845.1; -2633.1; 1476.4; 4086.8; -1772.4; 1108.7; 2154.0; -1772.4; 1653.0; 3395.7
369.0; 8.268; -2424.6; 1192.5; 2702.0; -2424.6; 1723.5; 4118.0; -1633.4; 1224.3; 2096.5; -1633.4; 1924.6; 3512.5
372.0; 8.400; -2188.8; 1303.4; 2547.5; -2188.8; 2001.9; 4151.2; -1476.2; 1338.6; 2039.3; -1476.2; 2225.2; 3643.0
375.0; 8.537; -1938.3; 1399.5; 2390.8; -1938.3; 2293.9; 4182.5; -1309.2; 1443.4; 1986.4; -1309.2; 2535.0; 3778.1
378.0; 8.679; -1697.3; 1471.4; 2246.3; -1697.3; 2567.7; 4207.7; -1148.5; 1530.5; 1941.9; -1148.5; 2822.9; 3903.3
381.0; 8.827; -1492.1; 1516.2; 2127.3; -1492.1; 2791.8; 4224.3; -1011.7; 1595.9; 1907.9; -1011.7; 3060.5; 4004.9
384.0; 8.982; -1336.0; 1539.7; 2038.5; -1336.0; 2953.9; 4232.5; -907.7; 1640.7; 1883.6; -907.7; 3237.0; 4077.5
387.0; 9.145; -1221.5; 1551.1; 1974.3; -1221.5; 3066.9; 4234.4; -831.3; 1669.9; 1866.4; -831.3; 3361.1; 4126.5
390.0; 9.316; -1115.0; 1560.6; 1917.9; -1115.0; 3169.8; 4232.6; -760.3; 1690.5; 1853.6; -760.3; 3458.5; 4168.3
393.0; 9.495; -1029.6; 1565.3; 1873.6; -1029.6; 3248.1; 4228.4; -703.4; 1704.6; 1844.0; -703.4; 3531.4; 4198.8
396.0; 9.681; -954.1; 1568.5; 1835.9; -954.1; 3314.6; 4222.2; -653.0; 1713.6; 1837.1; -653.0; 3586.8; 4223.3
399.0; 9.870; -833.7; 1577.5; 1784.3; -833.7; 3417.0; 4212.2; -572.8; 1721.3; 1835.1; -572.8; 3644.0; 4263.1
402.0; 10.059; -704.0; 1585.1; 1734.4; -704.0; 3512.6; 4197.9; -486.3; 1724.6; 1839.1; -486.3; 3685.5; 4302.6
405.0; 10.241; -617.4; 1591.4; 1707.0; -617.4; 3562.6; 4180.5; -428.6; 1713.8; 1847.4; -428.6; 3678.8; 4321.0
408.0; 10.405; -152.4; 1511.5; 1600.5; -152.4; 3523.1; 4086.7; -118.6; 1767.9; 1936.9; -118.6; 3714.3; 4423.1
411.0; 10.550; -35.7; 1496.4; 1580.4; -35.7; 3505.1; 4054.7; -40.8; 1764.4; 1965.8; -40.8; 3678.0; 4440.1
414.0; 10.687; -35.7; 1414.6; 1488.6; -35.7; 3432.1; 3953.3; 722.6; 1836.6; 2067.4; 722.6; 3717.1; 4532.1
417.0; 10.823; -35.7; 1386.7; 1458.5; -35.7; 3409.4; 3924.1; 960.8; 1864.7; 2097.7; 960.8; 3741.1; 4563.3
420.0; 10.960; -35.7; 1386.7; 1458.4; -35.7; 3417.7; 3935.0; 921.5; 1873.4; 2087.7; 921.5; 3769.3; 4564.3
423.0; 11.105; -35.7; 1387.7; 1458.8; -35.7; 3434.6; 3956.5; 837.6; 1889.6; 2066.9; 837.6; 3825.2; 4564.7
426.0; 11.267; -35.7; 1390.0; 1462.9; -35.7; 3445.7; 3976.7; 743.4; 1907.5; 2047.3; 743.4; 3863.9; 4561.1
429.0; 11.448; -35.7; 1392.4; 1500.8; -35.7; 3238.1; 3785.6; 1365.4; 1779.7; 2243.2; 1365.4; 3236.5; 4528.0
432.0; 11.640; -35.7; 1356.6; 1558.5; -35.7; 2984.0; 3650.6; 1699.1; 1675.3; 2386.1; 1699.1; 2823.7; 4478.2
435.0; 11.834; -35.7; 1356.3; 1532.3; -35.7; 3094.9; 3741.2; 1469.8; 1772.3; 2302.4; 1469.8; 3111.5; 4511.4
438.0; 12.027; -35.7; 1362.1; 1521.9; -35.7; 3147.6; 3781.8; 1373.1; 1805.2; 2268.1; 1373.1; 3232.7; 4528.1
441.0; 12.215; -35.7; 1351.5; 1532.7; -35.7; 3088.8; 3764.2; 1423.8; 1796.6; 2292.3; 1423.8; 3186.5; 4523.9
444.0; 12.399; -35.7; 1324.7; 1561.2; -35.7; 2938.3; 3705.1; 1571.8; 1759.1; 2359.1; 1571.8; 3027.0; 4503.0
447.0; 12.577; -35.7; 1283.9; 1603.5; -35.7; 2725.6; 3621.1; 1768.2; 1698.7; 2452.0; 1768.2; 2804.3; 4469.6
450.0; 12.750; -35.7; 1233.1; 1654.0; -35.7; 2486.8; 3527.7; 1975.3; 1621.9; 2555.8; 1975.3; 2561.1; 4429.5
453.0; 12.918; -35.7; 1175.5; 1708.2; -35.7; 2245.2; 3433.4; 2175.4; 1534.0; 2661.8; 2175.4; 2319.3; 4387.0
456.0; 13.081; -35.7; 1112.7; 1764.2; -35.7; 2011.4; 3341.7; 2363.2; 1438.5; 2766.5; 2363.2; 2087.2; 4344.0
459.0; 13.239; -35.7; 1045.7; 1820.4; -35.7; 1790.6; 3254.3; 2536.6; 1338.3; 2868.0; 2536.6; 1868.7; 4301.9
462.0; 13.391; -35.7; 975.9; 1875.7; -35.7; 1586.4; 3172.5; 2694.8; 1236.2; 2964.8; 2694.8; 1666.1; 4261.6
465.0; 13.539; -35.7; 905.0; 1929.2; -35.7; 1400.8; 3097.4; 2837.1; 1135.1; 3055.8; 2837.1; 1481.2; 4224.0
468.0; 13.681; -35.7; 834.6; 1980.0; -35.7; 1234.8; 3029.5; 2964.0; 1037.4; 3140.3; 2964.0; 1314.9; 4189.8
471.0; 13.819; -35.7; 766.8; 2027.5; -35.7; 1088.9; 2969.5; 3075.6; 945.3; 3217.6; 3075.6; 1167.5; 4159.6
474.0; 13.953; -35.7; 703.6; 2070.8; -35.7; 963.8; 2917.9; 3172.1; 861.1; 3287.0; 3172.1; 1039.9; 4134.0
477.0; 14.083; -35.7; 647.4; 2109.1; -35.7; 859.9; 2875.3; 3253.8; 787.3; 3347.7; 3253.8; 932.8; 4113.8
480.0; 14.210; -35.7; 598.9; 2142.6; -35.7; 775.4; 2841.4; 3322.1; 724.3; 3400.1; 3322.1; 844.9; 4098.9
483.0; 14.333; -35.7; 558.6; 2171.3; -35.7; 708.3; 2815.5; 3378.6; 672.4; 3444.8; 3378.6; 774.5; 4089.1
486.0; 14.453; -35.7; 528.9; 2194.2; -35.7; 660.4; 2798.8; 3422.4; 633.9; 3480.6; 3422.4; 723.4; 4085.2
489.0; 14.570; -35.7; 514.7; 2209.2; -35.7; 637.6; 2794.1; 3450.2; 614.1; 3504.4; 3450.2; 697.5; 4089.3
492.0; 14.684; -35.7; 519.3; 2214.6; -35.7; 643.8; 2803.8; 3459.2; 617.3; 3513.8; 3459.2; 701.5; 4103.1
495.0; 14.796; -35.7; 531.6; 2215.5; -35.7; 662.1; 2820.2; 3459.2; 632.3; 3516.5; 3459.2; 720.8; 4121.2
498.0; 14.906; -35.7; 542.9; 2216.6; -35.7; 679.3; 2836.3; 3459.2; 647.7; 3519.3; 3459.2; 740.5; 4139.1
501.0; 15.013; -35.7; 554.6; 2217.6; -35.7; 697.1; 2852.5; 3459.2; 662.5; 3522.0; 3459.2; 759.8; 4156.9
504.0; 15.119; -35.7; 566.2; 2218.6; -35.7; 714.9; 2868.5; 3459.2; 677.1; 3524.8; 3459.2; 778.8; 4174.7
507.0; 15.222; -35.7; 577.7; 2219.7; -35.7; 732.5; 2884.4; 3459.2; 691.6; 3527.6; 3459.2; 797.8; 4192.3
510.0; 15.324; -35.7; 589.0; 2220.9; -35.7; 750.1; 2900.2; 3459.2; 705.9; 3530.5; 3459.2; 816.6; 4209.9
513.0; 15.424; -35.7; 600.1; 2222.0; -35.7; 767.5; 2916.0; 3459.2; 720.0; 3533.3; 3459.2; 835.3; 4227.3
516.0; 15.522; -35.7; 611.1; 2223.2; -35.7; 784.9; 2931.6; 3459.2; 733.9; 3536.2; 3459.2; 853.9; 4244.6
519.0; 15.618; -35.7; 621.9; 2224.4; -35.7; 802.1; 2947.2; 3459.2; 747.8; 3539.1; 3459.2; 872.3; 4261.9
522.0; 15.714; -35.7; 632.7; 2225.6; -35.7; 819.3; 2962.6; 3459.2; 761.4; 3542.0; 3459.2; 890.6; 4279.0
525.0; 15.807; -35.7; 643.3; 2226.9; -35.7; 836.4; 2978.0; 3459.2; 774.9; 3544.9; 3459.2; 908.8; 4296.0
528.0; 15.900; -35.7; 675.0; 2218.4; -35.7; 888.6; 3007.8; 3439.8; 807.1; 3533.2; 3439.8; 954.0; 4322.6
531.0; 15.991; -35.7; 727.3; 2198.0; -35.7; 979.2; 3056.0; 3393.7; 867.2; 3502.7; 3393.7; 1040.0; 4360.7
534.0; 16.081; -35.7; 766.2; 2180.7; -35.7; 1052.2; 3100.0; 3350.1; 927.0; 3476.1; 3350.1; 1126.3; 4395.3
537.0; 16.170; -35.7; 805.1; 2164.5; -35.7; 1126.5; 3142.2; 3308.8; 980.2; 3450.9; 3308.8; 1205.8; 4428.6
540.0; 16.258; -35.7; 884.0; 2129.2; -35.7; 1281.0; 3213.7; 3224.9; 1063.7; 3395.8; 3224.9; 1339.1; 4480.4
543.0; 16.345; -35.7; 991.5; 2072.5; -35.7; 1516.0; 3320.8; 3081.4; 1192.9; 3304.2; 3081.4; 1557.1; 4552.5
546.0; 16.431; -35.7; 1102.5; 2004.8; -35.7; 1796.8; 3449.4; 2891.4; 1346.8; 3189.7; 2891.4; 1838.7; 4634.3
549.0; 16.517; -35.7; 1186.7; 1945.0; -35.7; 2048.5; 3569.3; 2700.0; 1487.4; 3082.6; 2700.0; 2118.9; 4706.9
552.0; 16.601; -36.1; 1229.5; 1920.9; -36.1; 2193.4; 3659.8; 2479.1; 1581.4; 3003.4; 2479.1; 2319.9; 4742.3
555.0; 16.686; -36.4; 1270.8; 2034.3; -36.4; 2227.4; 3817.7; 1425.7; 1599.5; 2850.3; 1425.7; 2413.6; 4633.8
558.0; 16.770; -93.9; 1289.0; 2241.2; -93.9; 2148.6; 4001.3; -74.5; 1562.6; 2662.2; -74.5; 2413.8; 4422.3
561.0; 16.855; -1152.8; 1260.1; 2508.6; -1152.8; 1959.3; 4167.9; -783.7; 1478.7; 2480.3; -783.7; 2306.6; 4139.6
564.0; 16.941; -2153.1; 1159.2; 2794.3; -2153.1; 1671.4; 4281.9; -1451.5; 1354.5; 2341.1; -1451.5; 2086.6; 3828.7
567.0; 17.028; -2887.8; 987.3; 3052.1; -2887.8; 1322.0; 4305.0; -1941.8; 1193.6; 2285.6; -1941.8; 1758.6; 3538.5
570.0; 17.118; -3135.2; 771.0; 3228.6; -3135.2; 964.1; 4201.5; -2107.1; 988.5; 2354.3; -2107.1; 1345.3; 3327.3
573.0; 17.210; -3273.3; 662.1; 3339.6; -3273.3; 790.5; 4116.2; -2199.2; 789.8; 2403.8; -2199.2; 1013.7; 3180.4
576.0; 17.305; -3213.5; 748.6; 3299.6; -3213.5; 899.9; 4099.1; -2159.3; 759.9; 2385.7; -2159.3; 981.5; 3185.3
579.0; 17.403; -2906.1; 1018.2; 3079.3; -2906.1; 1318.0; 4160.5; -1954.4; 949.3; 2292.4; -1954.4; 1333.0; 3373.5
582.0; 17.503; -2423.8; 1311.6; 2755.9; -2423.8; 1910.3; 4255.6; -1632.8; 1232.0; 2170.1; -1632.8; 1952.1; 3669.8
585.0; 17.605; -1955.8; 1493.2; 2460.7; -1955.8; 2443.6; 4332.7; -1320.9; 1463.4; 2070.4; -1320.9; 2573.8; 3942.4
588.0; 17.710; -1629.4; 1567.2; 2260.8; -1629.4; 2791.6; 4377.0; -1103.3; 1606.4; 2006.5; -1103.3; 3024.5; 4122.7
591.0; 17.816; -1442.5; 1588.2; 2145.5; -1442.5; 2976.9; 4397.2; -978.7; 1683.7; 1968.5; -978.7; 3296.4; 4220.3
594.0; 17.925; -1323.9; 1595.7; 2073.4; -1323.9; 3088.8; 4404.0; -899.6; 1724.4; 1944.9; -899.6; 3456.2; 4275.6
597.0; 18.036; -1209.2; 1601.1; 2013.5; -1209.2; 3181.6; 4400.5; -820.6; 1749.8; 1932.7; -820.6; 3562.1; 4319.7
600.0; 18.149; -1135.4; 1594.7; 1977.9; -1135.4; 3214.8; 4391.2; -771.2; 1765.9; 1926.9; -771.2; 3622.1; 4340.2
603.0; 18.264; -1084.4; 1593.2; 1950.9; -1084.4; 3247.7; 4383.4; -737.1; 1773.0; 1920.1; -737.1; 3659.8; 4352.6
606.0; 18.382; -1035.0; 1606.1; 1919.1; -1035.0; 3324.2; 4381.4; -704.0; 1773.2; 1907.9; -704.0; 3696.8; 4370.2
609.0; 18.502; -912.1; 1624.2; 1862.9; -912.1; 3454.5; 4373.6; -622.0; 1778.2; 1902.4; -622.0; 3751.0; 4413.1
612.0; 18.624; -471.0; 1585.6; 1739.0; -471.0; 3554.6; 4302.5; -325.2; 1835.9; 1964.6; -325.2; 3843.1; 4528.1
615.0; 18.747; -135.2; 1544.5; 1652.0; -135.2; 3597.7; 4243.9; -107.0; 1880.7; 2017.5; -107.0; 3900.8; 4609.4
618.0; 18.870; -35.8; 1532.8; 1625.4; -35.8; 3614.8; 4224.3; -40.8; 1889.5; 2032.4; -40.8; 3910.6; 4631.2
621.0; 18.993; -35.8; 1535.7; 1624.8; -35.8; 3621.8; 4220.4; -40.8; 1881.0; 2031.3; -40.8; 3895.3; 4626.9
624.0; 19.116; -35.7; 1538.5; 1626.9; -35.7; 3620.3; 4213.8; -40.8; 1869.6; 2033.0; -40.8; 3867.7; 4619.8
627.0; 19.238; -35.7; 1523.7; 1610.1; -35.7; 3600.2; 4183.9; 129.0; 1873.4; 2058.9; 129.0; 3843.0; 4632.6
630.0; 19.360; -35.7; 1461.4; 1541.1; -35.7; 3542.1; 4103.5; 716.5; 1926.2; 2138.6; 716.5; 3862.2; 4701.1
633.0; 19.481; -35.7; 1435.7; 1512.8; -35.7; 3517.8; 4070.6; 960.5; 1948.3; 2172.2; 960.5; 3869.5; 4730.0
636.0; 19.601; -35.7; 1436.1; 1512.9; -35.7; 3519.3; 4072.3; 955.9; 1949.5; 2171.2; 955.9; 3872.6; 4730.6
639.0; 19.723; -35.7; 1436.4; 1512.9; -35.7; 3524.4; 4079.0; 931.6; 1954.4; 2165.0; 931.6; 3890.9; 4731.2
642.0; 19.845; -35.7; 1436.6; 1512.9; -35.7; 3532.9; 4091.1; 885.0; 1963.0; 2153.3; 885.0; 3924.7; 4731.5
645.0; 19.970; -35.7; 1436.9; 1513.6; -35.7; 3542.7; 4106.8; 820.5; 1974.0; 2137.7; 820.5; 3967.5; 4730.9
648.0; 20.096; -35.7; 1436.4; 1515.8; -35.7; 3538.9; 4111.3; 795.2; 1979.8; 2133.5; 795.2; 3976.9; 4729.0
651.0; 20.222; -35.7; 1433.1; 1524.9; -35.7; 3456.9; 4037.3; 1060.0; 1939.1; 2209.9; 1060.0; 3755.6; 4722.3
654.0; 20.346; -35.7; 1443.4; 1579.5; -35.7; 3223.7; 3834.5; 1668.7; 1751.7; 2419.3; 1668.7; 3084.9; 4674.3
657.0; 20.470; -35.7; 1429.8; 1616.4; -35.7; 3072.8; 3757.9; 1855.3; 1682.0; 2504.2; 1855.3; 2843.5; 4645.8
660.0; 20.591; -35.7; 1407.8; 1602.8; -35.7; 3094.5; 3821.4; 1684.5; 1776.3; 2448.1; 1684.5; 3074.0; 4666.6
663.0; 20.711; -35.7; 1392.3; 1593.3; -35.7; 3111.9; 3873.7; 1538.1; 1845.1; 2402.1; 1538.1; 3262.0; 4682.4
666.0; 20.830; -35.7; 1369.9; 1604.3; -35.7; 3036.1; 3868.0; 1539.6; 1859.3; 2414.0; 1539.6; 3273.5; 4677.7
669.0; 20.947; -35.7; 1326.0; 1644.0; -35.7; 2820.7; 3789.3; 1720.6; 1814.0; 2500.2; 1720.6; 3077.8; 4645.5
672.0; 21.063; -35.7; 1241.4; 1726.2; -35.7; 2427.4; 3624.6; 2081.6; 1679.8; 2674.8; 2081.6; 2648.4; 4573.2
675.0; 21.178; -35.7; 1096.9; 1852.2; -35.7; 1897.6; 3395.3; 2535.7; 1442.0; 2917.1; 2535.7; 2062.9; 4460.1
678.0; 21.290; -35.7; 901.7; 1995.0; -35.7; 1367.9; 3161.8; 2950.2; 1149.5; 3166.2; 2950.2; 1495.4; 4333.0
681.0; 21.400; -35.7; 705.7; 2120.2; -35.7; 959.2; 2975.6; 3253.8; 877.5; 3370.0; 3253.8; 1059.9; 4225.3
684.0; 21.508; -35.7; 579.6; 2199.2; -35.7; 737.9; 2870.7; 3422.5; 700.3; 3493.4; 3422.5; 810.6; 4164.9
687.0; 21.614; -35.7; 566.8; 2217.2; -35.7; 714.2; 2860.4; 3459.2; 664.5; 3522.4; 3459.2; 763.5; 4165.6
690.0; 21.717; -35.7; 566.5; 2223.4; -35.7; 714.4; 2871.1; 3459.2; 673.2; 3530.4; 3459.2; 773.9; 4178.0
693.0; 21.819; -35.7; 342.0; 2352.9; -35.7; 394.8; 2758.5; 3459.2; 464.2; 3661.6; 3459.2; 506.9; 4067.1
696.0; 21.919; -35.7; -71.4; 2578.3; -35.7; -70.2; 2550.0; 3459.2; 11.2; 3888.6; 3459.2; 11.1; 3860.3
699.0; 22.017; -35.7; -521.0; 2801.3; -35.7; -442.5; 2343.7; 3459.2; -505.1; 4113.3; 3459.2; -459.0; 3655.7
702.0; 22.114; -35.7; -800.7; 2938.6; -35.7; -621.5; 2223.0; 3459.2; -856.4; 4252.3; 3459.2; -736.0; 3536.7
705.0; 22.209; -35.7; -908.4; 3006.4; -35.7; -682.2; 2190.5; 3383.2; -1002.9; 4302.5; 3383.2; -842.7; 3486.6
708.0; 22.302; -35.7; -1224.6; 3142.2; -35.7; -855.2; 2112.6; 3214.1; -1252.7; 4397.0; 3214.1; -1004.2; 3367.4
711.0; 22.395; -35.7; -1679.4; 3342.0; -35.7; -1055.6; 1998.9; 2926.8; -1673.7; 4525.3; 2926.8; -1249.0; 3182.2
714.0; 22.486; -35.7; -2169.7; 3558.8; -35.7; -1221.5; 1882.5; 2574.1; -2174.1; 4653.9; 2574.1; -1496.6; 2977.6
717.0; 22.576; -35.7; -2596.1; 3749.3; -35.7; -1332.5; 1788.5; 2229.0; -2642.3; 4757.8; 2229.0; -1689.7; 2797.0
720.0; 22.666; -35.7; -2925.5; 3898.3; -35.7; -1401.8; 1721.5; 1933.5; -3022.8; 4832.7; 1933.5; -1820.8; 2655.9
723.0; 22.755; -35.7; -3171.8; 4009.9; -35.7; -1446.6; 1675.6; 1695.9; -3311.7; 4884.7; 1695.9; -1904.8; 2550.4
726.0; 22.844; -35.7; -3352.1; 4092.0; -35.7; -1476.6; 1644.7; 1510.7; -3524.6; 4920.3; 1510.7; -1958.0; 2473.0
729.0; 22.933; -35.7; -3475.5; 4150.1; -35.7; -1495.5; 1625.1; 1371.6; -3676.5; 4943.5; 1371.6; -1991.9; 2418.5
732.0; 23.021; -35.7; -3551.7; 4188.8; -35.7; -1506.0; 1613.8; 1273.7; -3779.1; 4957.7; 1273.7; -2013.7; 2382.7
735.0; 23.109; -35.7; -3593.8; 4212.3; -35.7; -1511.3; 1608.1; 1211.9; -3842.3; 4965.7; 1211.9; -2026.8; 2361.5
738.0; 23.196; -35.7; -3614.1; 4224.4; -35.7; -1513.9; 1605.6; 1180.9; -3874.2; 4970.2; 1180.9; -2033.4; 2351.4
741.0; 23.282; -35.7; -3621.1; 4227.9; -35.7; -1515.3; 1605.2; 1176.0; -3880.8; 4972.5; 1176.0; -2034.5; 2349.9
744.0; 23.368; -35.7; -3619.3; 4224.4; -35.7; -1516.4; 1606.2; 1192.9; -3866.7; 4973.6; 1192.9; -2030.9; 2355.3
747.0; 23.453; -35.7; -3610.9; 4215.7; -35.7; -1517.4; 1608.3; 1226.8; -3835.9; 4973.7; 1226.8; -2023.4; 2366.2
750.0; 23.538; -35.7; -3596.6; 4203.4; -35.7; -1518.1; 1611.6; 1271.3; -3793.8; 4972.9; 1271.3; -2013.3; 2381.1
753.0; 23.623; -35.7; -3577.2; 4189.8; -35.7; -1518.0; 1615.9; 1318.4; -3748.1; 4971.4; 1318.4; -2002.5; 2397.6
756.0; 23.708; -35.7; -3553.3; 4177.0; -35.7; -1516.4; 1621.0; 1360.3; -3706.9; 4969.5; 1360.3; -1993.7; 2413.5
759.0; 23.794; -35.7; -3524.7; 4166.3; -35.7; -1512.6; 1626.6; 1393.0; -3675.3; 4967.4; 1393.0; -1988.3; 2427.7
762.0; 23.880; -35.7; -3489.9; 4156.8; -35.7; -1506.2; 1632.9; 1418.9; -3651.2; 4964.8; 1418.9; -1986.2; 2441.0
765.0; 23.967; -35.7; -3445.1; 4145.7; -35.7; -1497.2; 1640.7; 1446.2; -3626.3; 4961.0; 1446.2; -1985.0; 2456.0
768.0; 24.053; -35.7; -3384.0; 4128.8; -35.7; -1484.9; 1651.1; 1487.0; -3587.6; 4954.9; 1487.0; -1981.2; 2477.1
771.0; 24.140; -35.7; -3297.7; 4101.0; -35.7; -1468.1; 1666.2; 1554.3; -3520.1; 4944.6; 1554.3; -1970.5; 2509.7
774.0; 24.227; -35.7; -3173.6; 4056.3; -35.7; -1444.5; 1688.7; 1661.9; -3407.1; 4927.6; 1661.9; -1947.3; 2560.1
777.0; 24.313; -35.7; -2996.5; 3988.0; -35.7; -1410.0; 1722.6; 1821.8; -3230.9; 4900.4; 1821.8; -1903.9; 2635.1
780.0; 24.399; -35.7; -2754.2; 3890.5; -35.7; -1359.3; 1772.2; 2040.0; -2977.8; 4859.0; 2040.0; -1830.3; 2740.7
783.0; 24.485; -35.7; -2449.1; 3764.3; -35.7; -1287.5; 1839.7; 2307.8; -2650.9; 4801.5; 2307.8; -1717.8; 2877.0
786.0; 24.570; -35.7; -2113.3; 3621.4; -35.7; -1195.5; 1920.8; 2594.3; -2284.2; 4732.3; 2594.3; -1568.8; 3031.7
789.0; 24.654; -35.7; -1811.3; 3488.7; -35.7; -1099.4; 2001.4; 2848.9; -1944.7; 4665.3; 2848.9; -1408.3; 3178.0
792.0; 24.737; -35.7; -1616.2; 3399.2; -35.7; -1030.6; 2060.5; 3021.0; -1708.4; 4620.8; 3021.0; -1282.8; 3282.1
795.0; 24.819; -35.7; -1564.3; 3373.6; -35.7; -1014.4; 2083.4; 3085.3; -1621.8; 4612.9; 3085.3; -1233.2; 3322.7
798.0; 24.900; -35.7; -1620.3; 3401.6; -35.7; -1039.3; 2075.1; 3060.5; -1667.8; 4635.9; 3060.5; -1259.3; 3309.4
801.0; 24.981; -35.7; -1633.7; 3425.5; -35.7; -1039.9; 2071.3; 3033.5; -1730.5; 4654.3; 3033.5; -1299.3; 3300.1
804.0; 25.061; -35.7; -1577.8; 3424.7; -35.7; -1013.7; 2091.6; 3007.7; -1723.0; 4648.2; 3007.7; -1299.6; 3315.2
807.0; 25.140; -35.7; -1350.4; 3364.8; -35.7; -911.8; 2170.7; 2982.8; -1556.8; 4583.3; 2982.8; -1209.6; 3389.2
810.0; 25.218; -35.7; -1016.8; 3252.4; -35.7; -746.2; 2301.9; 2958.6; -1231.6; 4466.1; 2958.6; -1007.7; 3515.6
813.0; 25.296; -35.7; -660.8; 3112.8; -35.7; -535.2; 2460.0; 2935.2; -829.8; 4321.9; 2935.2; -722.9; 3669.1
816.0; 25.373; -35.7; -351.0; 2978.1; -35.7; -312.1; 2613.1; 2912.5; -453.6; 4182.6; 2912.5; -419.8; 3817.7
819.0; 25.450; -35.7; -113.3; 2868.1; -35.7; -108.6; 2741.1; 2890.5; -158.5; 4068.3; 2890.5; -154.2; 3941.4
822.0; 25.526; -35.7; 51.7; 2789.6; -35.7; 52.6; 2837.2; 2869.3; 48.0; 3985.7; 2869.3; 48.4; 4033.3
825.0; 25.602; -35.7; 157.4; 2740.1; -35.7; 165.8; 2904.0; 2848.9; 180.6; 3932.3; 2848.9; 186.7; 4096.2
828.0; 25.677; -35.7; 219.5; 2713.5; -35.7; 236.3; 2947.6; 2829.0; 258.6; 3901.9; 2829.0; 271.3; 4135.9
831.0; 25.751; -35.7; 251.0; 2703.8; -35.7; 273.3; 2974.0; 2809.9; 298.2; 3888.5; 2809.9; 315.3; 4158.7
834.0; 25.826; -35.7; 261.6; 2705.8; -35.7; 285.8; 2988.3; 2791.3; 311.8; 3887.0; 2791.3; 330.5; 4169.5
837.0; 25.899; -35.7; 257.8; 2715.9; -35.7; 281.2; 2994.3; 2773.3; 307.7; 3893.6; 2773.3; 325.9; 4172.1
840.0; 25.972; -35.7; 244.0; 2731.4; -35.7; 264.8; 2994.6; 2755.9; 291.8; 3905.9; 2755.9; 308.1; 4169.1
843.0; 26.045; -35.7; 223.1; 2750.6; -35.7; 240.4; 2990.9; 2739.0; 267.6; 3921.9; 2739.0; 281.1; 4162.3
846.0; 26.118; -35.7; 196.8; 2772.5; -35.7; 210.1; 2984.3; 2722.5; 237.2; 3940.8; 2722.5; 247.7; 4152.6
849.0; 26.190; -35.7; 165.9; 2796.6; -35.7; 175.3; 2975.3; 2706.6; 201.8; 3962.0; 2706.6; 209.3; 4140.6
852.0; 26.261; -35.7; 130.8; 2822.6; -35.7; 136.7; 2964.1; 2691.1; 161.9; 3985.1; 2691.1; 166.7; 4126.7
855.0; 26.332; -35.7; 91.8; 2850.2; -35.7; 94.7; 2951.0; 2676.0; 117.7; 4010.1; 2676.0; 120.1; 4110.8
858.0; 26.403; -35.7; 48.9; 2879.6; -35.7; 49.7; 2936.0; 2661.3; 69.1; 4036.7; 2661.3; 70.0; 4093.2
861.0; 26.473; -35.7; 2.3; 2910.4; -35.7; 2.3; 2919.4; 2647.0; 16.6; 4065.0; 2647.0; 16.6; 4074.0
864.0; 26.543; -35.7; -47.2; 2942.3; -35.7; -46.6; 2901.4; 2633.1; -39.4; 4094.4; 2633.1; -39.1; 4053.5
867.0; 26.613; -35.7; -98.0; 2974.6; -35.7; -95.3; 2882.8; 2619.6; -97.4; 4124.3; 2619.6; -95.6; 4032.6
870.0; 26.682; -35.7; -148.1; 3006.2; -35.7; -141.9; 2864.7; 2606.4; -155.3; 4153.7; 2606.4; -150.9; 4012.1
873.0; 26.751; -35.7; -194.1; 3035.8; -35.7; -183.4; 2848.4; 2593.5; -209.6; 4181.0; 2593.5; -201.8; 3993.6
876.0; 26.820; -35.7; -231.8; 3061.4; -35.7; -216.6; 2836.0; 2581.0; -256.1; 4204.4; 2581.0; -244.7; 3979.0
879.0; 26.888; -35.8; -256.1; 3080.8; -35.8; -237.5; 2829.6; 2568.6; -289.4; 4221.7; 2568.6; -275.1; 3970.4
882.0; 26.956; -36.7; -268.0; 3171.4; -36.7; -248.2; 2907.4; 1929.7; -306.0; 4150.8; 1929.7; -289.7; 3886.8
885.0; 27.024; -38.4; -266.1; 3326.7; -38.4; -247.5; 3062.8; 703.5; -307.6; 3995.0; 703.5; -290.4; 3731.1
888.0; 27.092; -553.1; -248.8; 3517.9; -553.1; -233.4; 3267.9; -381.9; -294.1; 3779.9; -381.9; -277.4; 3529.9
891.0; 27.161; -1605.1; -215.3; 3716.8; -1605.1; -204.3; 3495.2; -1085.8; -264.4; 3532.1; -1085.8; -250.1; 3310.5
894.0; 27.230; -2619.8; -167.2; 3896.4; -2619.8; -160.6; 3716.4; -1762.8; -219.3; 3280.4; -1762.8; -208.7; 3100.4
897.0; 27.300; -3460.1; -110.2; 4030.6; -3460.1; -107.2; 3901.8; -2323.2; -162.2; 3056.1; -2323.2; -156.1; 2927.4
900.0; 27.372; -3983.6; -52.8; 4093.6; -3983.6; -52.0; 4019.9; -2672.3; -99.0; 2894.1; -2672.3; -96.7; 2820.4
903.0; 27.446; -4039.1; 0.6; 4057.7; -4039.1; 0.6; 4039.1; -2709.7; -34.7; 2830.6; -2709.7; -34.5; 2812.0
906.0; 27.520; -4025.6; 0.3; 4025.6; -4025.6; 0.4; 4025.6; -2700.7; 1.4; 2800.1; -2700.7; 1.4; 2800.1
909.0; 27.597; -4000.5; -7.0; 4000.5; -4000.5; -7.0; 4000.5; -2684.0; 6.5; 2781.6; -2684.0; 6.5; 2781.6
912.0; 27.676; -3975.6; -2.7; 3975.6; -3975.6; -2.7; 3975.6; -2667.4; 2.2; 2763.3; -2667.4; 2.2; 2763.3
915.0; 27.757; -3951.0; 0.1; 3951.0; -3951.0; 0.1; 3951.0; -2651.0; -0.2; 2745.2; -2651.0; -0.2; 2745.2
918.0; 27.839; -3926.6; 0.4; 3926.6; -3926.6; 0.4; 3926.6; -2634.8; -0.4; 2727.2; -2634.8; -0.4; 2727.2
921.0; 27.924; -3902.5; 0.1; 3902.5; -3902.5; 0.1; 3902.5; -2618.7; -0.1; 2709.4; -2618.7; -0.1; 2709.4
924.0; 28.012; -3878.6; -0.0; 3878.6; -3878.6; -0.0; 3878.6; -2602.7; 0.0; 2691.8; -2602.7; 0.0; 2691.8
927.0; 28.102; -3854.9; -0.0; 3854.9; -3854.9; -0.0; 3854.9; -2586.9; 0.0; 2674.3; -2586.9; 0.0; 2674.3
930.0; 28.195; -3831.4; -0.0; 3831.4; -3831.4; -0.0; 3831.4; -2571.3; -0.0; 2657.0; -2571.3; -0.0; 2657.0
933.0; 28.292; -3808.1; -0.0; 3808.1; -3808.1; -0.0; 3808.1; -2555.8; -0.0; 2639.9; -2555.8; -0.0; 2639.9
936.0; 28.392; -3785.1; -0.0; 3785.1; -3785.1; -0.0; 3785.1; -2540.4; -0.0; 2622.9; -2540.4; -0.0; 2622.9
939.0; 28.496; -3762.3; -0.0; 3762.3; -3762.3; -0.0; 3762.3; -2525.2; -0.0; 2606.1; -2525.2; -0.0; 2606.1
942.0; 28.604; -3739.7; -0.0; 3739.7; -3739.7; -0.0; 3739.7; -2510.1; -0.0; 2589.4; -2510.1; -0.0; 2589.4
945.0; 28.717; -3717.2; -0.2; 3717.4; -3717.2; -0.2; 3717.2; -2495.1; -0.2; 2573.0; -2495.1; -0.2; 2572.9
948.0; 28.835; -3659.4; -65.9; 3715.5; -3659.4; -65.1; 3660.0; -2456.6; -56.7; 2592.0; -2456.6; -55.6; 2536.6
951.0; 28.960; -3559.9; -192.9; 3735.0; -3559.9; -185.1; 3564.8; -2390.3; -187.5; 2650.2; -2390.3; -176.9; 2479.9
954.0; 29.093; -3418.3; -376.4; 3771.8; -3418.3; -346.5; 3435.8; -2295.9; -390.2; 2743.5; -2295.9; -348.2; 2407.5
957.0; 29.234; -3233.5; -615.1; 3821.2; -3233.5; -536.3; 3277.7; -2172.7; -661.1; 2867.8; -2172.7; -550.6; 2324.3
960.0; 29.384; -3001.9; -912.7; 3879.9; -3001.9; -743.5; 3092.6; -2018.2; -1000.1; 3021.5; -2018.2; -769.7; 2234.1
963.0; 29.545; -2721.3; -1271.6; 3944.3; -2721.3; -953.9; 2883.6; -1831.2; -1403.8; 3201.7; -1831.2; -991.3; 2141.0
966.0; 29.720; -2398.3; -1684.6; 4009.1; -2398.3; -1148.2; 2659.0; -1615.9; -1854.9; 3400.4; -1615.9; -1199.1; 2050.4
969.0; 29.911; -2050.0; -2131.2; 4068.3; -2050.0; -1308.4; 2431.9; -1383.6; -2320.2; 3604.6; -1383.6; -1377.6; 1968.3
972.0; 30.120; -1676.3; -2605.6; 4118.8; -1676.3; -1432.9; 2205.3; -1133.1; -2780.3; 3811.5; -1133.1; -1522.6; 1898.0
975.0; 30.349; -1310.5; -3039.9; 4150.8; -1310.5; -1515.6; 2003.6; -888.3; -3167.7; 3996.7; -888.3; -1622.2; 1849.5
978.0; 30.597; -1049.2; -3307.9; 4157.7; -1049.2; -1552.9; 1874.1; -716.5; -3396.6; 4112.0; -716.5; -1672.4; 1828.4
981.0; 30.861; -856.6; -3462.1; 4146.5; -856.6; -1574.9; 1792.8; -588.1; -3505.3; 4181.0; -588.1; -1696.0; 1827.2
984.0; 31.140; -790.2; -3509.5; 4129.2; -790.2; -1585.5; 1771.5; -543.8; -3501.1; 4190.6; -543.8; -1699.8; 1832.9
987.0; 31.433; -885.8; -3498.3; 4109.8; -885.8; -1590.0; 1820.1; -607.5; -3357.9; 4129.7; -607.5; -1675.9; 1840.1
990.0; 31.715; -35.7; -3367.0; 3917.8; -35.7; -1418.9; 1650.7; -40.8; -3187.3; 4296.5; -40.8; -1724.1; 2029.3
993.0; 31.979; -35.7; -3390.4; 3924.2; -35.7; -1415.5; 1642.2; -40.8; -3234.4; 4302.6; -40.8; -1741.6; 2020.6
996.0; 32.250; -35.7; -3256.5; 3717.1; -35.7; -1394.2; 1501.9; 1349.9; -3066.6; 4448.3; 1349.9; -1778.9; 2233.1
999.0; 32.532; -35.7; -3277.1; 3745.2; -35.7; -1400.6; 1494.8; 1286.3; -3156.7; 4460.7; 1286.3; -1797.6; 2210.4
1002.0; 32.818; -35.7; -3287.4; 3758.9; -35.7; -1394.4; 1491.6; 1264.8; -3198.4; 4469.6; 1264.8; -1802.8; 2202.2
1005.0; 33.104; -35.7; -3257.7; 3749.8; -35.7; -1370.3; 1496.7; 1302.4; -3173.5; 4470.6; 1302.4; -1794.7; 2217.5
1008.0; 33.382; -35.7; -3108.4; 3691.1; -35.7; -1320.0; 1523.3; 1456.4; -3018.6; 4451.6; 1456.4; -1759.2; 2283.8
1011.0; 33.646; -35.7; -2783.3; 3566.0; -35.7; -1244.6; 1583.4; 1748.9; -2698.1; 4401.4; 1748.9; -1671.1; 2418.9
1014.0; 33.891; -35.7; -2328.2; 3392.1; -35.7; -1147.8; 1675.0; 2118.2; -2265.4; 4322.3; 2118.2; -1516.5; 2605.1
1017.0; 34.115; -35.7; -1823.0; 3196.2; -35.7; -1020.0; 1788.5; 2495.8; -1794.7; 4223.4; 2495.8; -1303.6; 2815.7
1020.0; 34.321; -35.7; -1336.8; 3000.7; -35.7; -855.6; 1912.3; 2838.2; -1343.2; 4116.2; 2838.2; -1054.4; 3027.7
1023.0; 34.513; -35.7; -921.1; 2824.8; -35.7; -667.9; 2033.0; 3121.3; -949.8; 4013.6; 3121.3; -798.4; 3221.8
1026.0; 34.693; -35.7; -609.5; 2685.9; -35.7; -488.8; 2136.2; 3331.0; -645.5; 3929.6; 3331.0; -572.7; 3379.9
1029.0; 34.863; -35.7; -433.8; 2606.8; -35.7; -369.5; 2202.7; 3452.3; -469.3; 3883.0; 3452.3; -429.8; 3479.0
1032.0; 35.025; -35.7; -441.8; 2618.8; -35.7; -375.8; 2207.0; 3459.2; -479.2; 3898.6; 3459.2; -438.2; 3486.8
1035.0; 35.179; -35.7; -460.5; 2636.3; -35.7; -389.8; 2207.5; 3459.2; -500.6; 3918.0; 3459.2; -455.9; 3489.1
1038.0; 35.327; -35.7; -479.2; 2653.7; -35.7; -403.7; 2208.0; 3459.2; -521.6; 3937.2; 3459.2; -473.3; 3491.4
1041.0; 35.470; -35.7; -497.9; 2671.0; -35.7; -417.3; 2208.5; 3459.2; -542.4; 3956.2; 3459.2; -490.3; 3493.8
1044.0; 35.607; -35.7; -516.5; 2688.0; -35.7; -430.8; 2209.1; 3459.2; -563.0; 3975.1; 3459.2; -507.1; 3496.2
1047.0; 35.740; -35.7; -534.9; 2705.0; -35.7; -444.0; 2209.8; 3459.2; -583.4; 3993.8; 3459.2; -523.6; 3498.6
1050.0; 35.869; -35.7; -460.7; 2683.7; -35.7; -391.8; 2248.7; 3459.2; -513.3; 3974.3; 3459.2; -466.7; 3539.2
1053.0; 35.994; -35.7; -332.1; 2636.4; -35.7; -294.7; 2313.5; 3459.2; -379.6; 3928.7; 3459.2; -353.7; 3605.8
1056.0; 36.115; -35.7; -208.0; 2587.7; -35.7; -192.8; 2379.6; 3459.2; -243.2; 3881.7; 3459.2; -232.3; 3673.7
1059.0; 36.234; -35.7; -112.4; 2549.9; -35.7; -107.8; 2434.6; 3459.2; -134.4; 3845.8; 3459.2; -131.0; 3730.5
1062.0; 36.349; -35.7; -43.1; 2523.9; -35.7; -42.4; 2478.0; 3459.2; -54.4; 3821.5; 3459.2; -53.8; 3775.5
1065.0; 36.462; -35.7; 5.4; 2507.8; -35.7; 5.4; 2511.3; 3459.2; 2.2; 3807.1; 3459.2; 2.2; 3810.7
1068.0; 36.573; -35.7; 38.1; 2499.3; -35.7; 38.6; 2537.0; 3459.2; 40.8; 3800.4; 3459.2; 41.2; 3838.0
1071.0; 36.681; -35.7; 59.2; 2496.7; -35.7; 60.5; 2556.7; 3459.2; 66.1; 3799.4; 3459.2; 67.0; 3859.5
1074.0; 36.788; -35.7; 72.1; 2498.3; -35.7; 74.1; 2572.1; 3459.2; 81.8; 3802.8; 3459.2; 83.1; 3876.6
1077.0; 36.892; -35.7; 79.2; 2502.9; -35.7; 81.5; 2584.4; 3459.2; 90.5; 3809.2; 3459.2; 92.1; 3890.7
1080.0; 36.994; -35.7; 82.3; 2509.7; -35.7; 84.8; 2594.6; 3459.2; 94.4; 3817.6; 3459.2; 96.2; 3902.5
1083.0; 37.095; -35.7; 82.7; 2517.8; -35.7; 85.3; 2603.3; 3459.2; 95.2; 3827.4; 3459.2; 97.0; 3912.9
1086.0; 37.193; -35.7; 81.6; 2526.8; -35.7; 84.1; 2611.2; 3459.2; 94.1; 3838.1; 3459.2; 95.8; 3922.5
1089.0; 37.291; -35.7; 79.7; 2536.1; -35.7; 82.1; 2618.5; 3459.2; 91.9; 3849.1; 3459.2; 93.6; 3931.5
1092.0; 37.386; -35.7; 77.6; 2545.5; -35.7; 79.8; 2625.8; 3459.2; 89.5; 3860.2; 3459.2; 91.0; 3940.4
1095.0; 37.481; -35.7; 75.8; 2554.8; -35.7; 77.9; 2633.1; 3459.2; 87.2; 3871.2; 3459.2; 88.7; 3949.4
1098.0; 37.573; -35.7; 74.6; 2563.7; -35.7; 76.6; 2640.7; 3459.2; 85.7; 3881.8; 3459.2; 87.1; 3958.7
1101.0; 37.665; -35.7; 74.5; 2574.3; -35.7; 76.5; 2651.0; 3441.2; 85.3; 3889.5; 3441.2; 86.7; 3966.1
1104.0; 37.755; -35.7; 75.8; 2587.6; -35.7; 77.9; 2665.5; 3395.1; 86.5; 3892.7; 3395.1; 87.9; 3970.5
1107.0; 37.844; -35.7; 79.0; 2599.4; -35.7; 81.2; 2680.4; 3351.6; 89.7; 3895.0; 3351.6; 91.3; 3976.1
1110.0; 37.932; -35.7; 84.6; 2609.6; -35.7; 87.1; 2696.2; 3310.5; 95.6; 3896.3; 3310.5; 97.4; 3982.9
1113.0; 38.019; -35.7; 93.2; 2617.8; -35.7; 96.2; 2713.0; 3271.5; 104.7; 3896.2; 3271.5; 106.8; 3991.4
1116.0; 38.105; -35.7; 105.5; 2623.7; -35.7; 109.4; 2731.4; 3234.5; 117.9; 3894.3; 3234.5; 120.6; 4001.9
1119.0; 38.190; -35.7; 122.4; 2626.9; -35.7; 127.6; 2751.8; 3199.2; 136.2; 3890.0; 3199.2; 139.8; 4014.9
1122.0; 38.274; -35.7; 145.0; 2626.8; -35.7; 152.3; 2774.9; 3165.6; 160.8; 3882.8; 3165.6; 165.9; 4031.0
1125.0; 38.357; -35.7; 174.4; 2622.6; -35.7; 185.0; 2801.4; 3133.6; 193.1; 3872.0; 3133.6; 200.5; 4050.8
1128.0; 38.440; -35.7; 212.0; 2613.7; -35.7; 227.8; 2832.2; 3102.9; 234.7; 3856.7; 3102.9; 245.6; 4075.2
1131.0; 38.522; -35.7; 259.1; 2599.0; -35.7; 283.0; 2868.0; 3073.6; 287.1; 3836.0; 3073.6; 303.7; 4105.0
1134.0; 38.603; -35.7; 316.7; 2577.8; -35.7; 353.0; 2910.0; 3045.5; 352.1; 3809.0; 3045.5; 377.3; 4141.2
1137.0; 38.683; -35.7; 385.6; 2549.1; -35.7; 440.7; 2959.0; 3018.5; 430.7; 3774.8; 3018.5; 469.1; 4184.7
1140.0; 38.763; -35.7; 465.9; 2512.2; -35.7; 548.8; 3015.6; 2992.6; 523.9; 3732.7; 2992.6; 581.8; 4236.2
1143.0; 38.842; -35.7; 556.7; 2466.7; -35.7; 679.3; 3080.4; 2967.8; 631.5; 3682.2; 2967.8; 717.4; 4296.0
1146.0; 38.920; -35.7; 655.8; 2412.8; -35.7; 833.3; 3153.1; 2943.9; 751.8; 3623.6; 2943.9; 877.0; 4363.9
1149.0; 38.998; -35.7; 759.7; 2351.5; -35.7; 1010.1; 3232.8; 2920.9; 882.0; 3557.8; 2920.9; 1059.6; 4439.1
1152.0; 39.075; -35.7; 863.7; 2284.9; -35.7; 1205.9; 3317.5; 2898.8; 1017.4; 3486.8; 2898.8; 1261.8; 4519.4
1155.0; 39.152; -35.7; 962.3; 2215.9; -35.7; 1413.0; 3404.0; 2877.6; 1152.1; 3413.7; 2877.6; 1476.4; 4601.7
1158.0; 39.228; -35.7; 1049.6; 2148.9; -35.7; 1619.3; 3488.1; 2857.2; 1278.9; 3342.7; 2857.2; 1692.4; 4681.9
1161.0; 39.304; -35.7; 1120.7; 2089.1; -35.7; 1808.1; 3564.7; 2837.5; 1390.7; 3279.1; 2837.5; 1894.9; 4754.6
1164.0; 39.380; -35.7; 1171.9; 2042.2; -35.7; 1960.2; 3627.9; 2818.6; 1480.6; 3228.5; 2818.6; 2065.8; 4814.3
1167.0; 39.455; -35.7; 1200.2; 2014.1; -35.7; 2054.6; 3672.0; 2800.4; 1542.1; 3197.0; 2800.4; 2185.3; 4854.8
1170.0; 39.529; -36.4; 1218.3; 2039.5; -36.4; 2088.9; 3729.3; 2512.9; 1566.0; 3150.3; 2512.9; 2243.3; 4840.1
1173.0; 39.603; -36.7; 1244.7; 2167.4; -36.7; 2077.0; 3859.6; 1510.5; 1550.1; 3024.6; 1510.5; 2254.6; 4716.8
1176.0; 39.677; -40.4; 1257.7; 2362.2; -40.4; 2010.0; 4028.4; 63.6; 1511.7; 2851.6; 63.6; 2237.3; 4517.8
1179.0; 39.751; -968.1; 1239.6; 2599.3; -968.1; 1878.5; 4197.0; -660.3; 1449.5; 2669.1; -660.3; 2172.1; 4266.7
1182.0; 39.826; -1936.7; 1167.9; 2853.0; -1936.7; 1670.0; 4331.1; -1307.1; 1358.8; 2511.3; -1307.1; 2034.7; 3989.4
1185.0; 39.902; -2738.6; 1026.5; 3099.1; -2738.6; 1380.3; 4395.1; -1842.0; 1234.5; 2415.9; -1842.0; 1802.3; 3711.9
1188.0; 39.980; -3217.0; 800.8; 3315.2; -3217.0; 1007.2; 4348.5; -2161.7; 1056.6; 2426.5; -2161.7; 1447.9; 3459.8
1191.0; 40.058; -3476.3; 527.7; 3516.1; -3476.3; 617.0; 4222.3; -2334.5; 790.0; 2514.4; -2334.5; 986.1; 3220.6
1194.0; 40.139; -3694.3; 273.5; 3704.4; -3694.3; 298.7; 4089.5; -2479.8; 467.9; 2607.0; -2479.8; 530.1; 2992.1
1197.0; 40.222; -3834.4; 89.7; 3835.5; -3834.4; 93.4; 3980.1; -2573.3; 189.4; 2675.1; -2573.3; 198.9; 2819.7
1200.0; 40.306; -3890.1; 7.9; 3890.1; -3890.1; 8.1; 3911.0; -2610.4; 26.8; 2702.4; -2610.4; 27.0; 2723.3
1203.0; 40.394; -3879.5; 12.1; 3879.5; -3879.5; 12.1; 3879.5; -2603.3; -12.7; 2692.5; -2603.3; -12.7; 2692.5
1206.0; 40.483; -3855.9; 7.2; 3855.9; -3855.9; 7.2; 3855.9; -2587.6; -6.1; 2675.0; -2587.6; -6.1; 2675.1
1209.0; 40.576; -3832.0; 1.5; 3832.0; -3832.0; 1.5; 3832.7; -2571.7; 0.3; 2657.5; -2571.7; 0.3; 2658.2
1212.0; 40.672; -3788.8; 40.3; 3789.0; -3788.8; 40.6; 3821.0; -2542.9; 29.4; 2629.1; -2542.9; 29.7; 2661.1
1215.0; 40.772; -3722.7; 112.5; 3724.4; -3722.7; 115.1; 3821.9; -2498.8; 96.3; 2588.8; -2498.8; 99.4; 2686.3
1218.0; 40.875; -3632.5; 212.7; 3638.7; -3632.5; 222.6; 3834.7; -2438.6; 198.9; 2537.6; -2438.6; 212.3; 2733.7
1221.0; 40.983; -3519.6; 333.4; 3535.4; -3519.6; 359.3; 3856.7; -2363.4; 327.1; 2478.6; -2363.4; 364.0; 2799.9
1224.0; 41.095; -3386.7; 466.4; 3418.6; -3386.7; 520.7; 3884.8; -2274.8; 469.6; 2414.7; -2274.8; 548.3; 2880.9
1227.0; 41.212; -3235.1; 606.2; 3291.4; -3235.1; 704.6; 3917.1; -2173.7; 618.3; 2348.3; -2173.7; 760.7; 2974.1
1230.0; 41.335; -3063.3; 750.5; 3153.9; -3063.3; 913.1; 3952.7; -2059.2; 769.6; 2280.4; -2059.2; 1001.3; 3079.2
1233.0; 41.463; -2867.5; 898.0; 3004.8; -2867.5; 1151.0; 3991.6; -1928.7; 922.1; 2211.2; -1928.7; 1273.6; 3198.0
1236.0; 41.597; -2643.6; 1045.8; 2842.9; -2643.6; 1422.9; 4033.3; -1779.4; 1074.1; 2141.3; -1779.4; 1580.5; 3331.7
1239.0; 41.739; -2390.7; 1187.7; 2669.5; -2390.7; 1728.9; 4076.6; -1610.8; 1221.1; 2072.3; -1610.8; 1919.5; 3479.3
1242.0; 41.889; -2115.0; 1314.4; 2490.2; -2115.0; 2060.0; 4118.3; -1427.0; 1356.2; 2007.2; -1427.0; 2277.0; 3635.3
1245.0; 42.047; -1831.9; 1416.4; 2315.6; -1831.9; 2394.7; 4154.5; -1238.3; 1471.4; 1950.3; -1238.3; 2627.2; 3789.2
1248.0; 42.213; -1564.7; 1488.2; 2159.4; -1564.7; 2701.2; 4181.3; -1060.1; 1561.1; 1905.2; -1060.1; 2938.3; 3927.2
1251.0; 42.386; -1335.1; 1531.7; 2031.9; -1335.1; 2951.9; 4197.4; -907.0; 1625.1; 1873.2; -907.0; 3186.9; 4038.7
1254.0; 42.566; -1150.9; 1554.9; 1934.5; -1150.9; 3140.2; 4204.0; -784.3; 1667.6; 1852.3; -784.3; 3369.7; 4121.7
1257.0; 42.752; -1002.0; 1567.2; 1860.2; -1002.0; 3281.0; 4203.8; -685.0; 1694.8; 1839.6; -685.0; 3499.6; 4183.2
1260.0; 42.943; -870.1; 1575.0; 1799.4; -870.1; 3394.0; 4198.4; -597.1; 1711.8; 1833.5; -597.1; 3592.4; 4232.4
1263.0; 43.138; -748.7; 1580.4; 1748.8; -748.7; 3484.5; 4188.3; -516.1; 1720.8; 1833.2; -516.1; 3655.0; 4272.7
1266.0; 43.335; -654.3; 1584.1; 1714.0; -654.3; 3541.4; 4174.7; -453.2; 1720.2; 1837.3; -453.2; 3681.7; 4298.1
1269.0; 43.534; -601.7; 1590.3; 1700.3; -601.7; 3562.9; 4158.0; -418.1; 1703.4; 1845.1; -418.1; 3656.9; 4302.8
1272.0; 43.731; -68.8; 1491.6; 1576.8; -68.8; 3503.3; 4053.0; -62.8; 1769.5; 1946.2; -62.8; 3708.4; 4422.4
1275.0; 43.927; -35.7; 1482.1; 1564.3; -35.7; 3486.9; 4028.0; 40.5; 1765.3; 1968.0; 40.5; 3676.9; 4431.6
1278.0; 44.123; -35.7; 1382.1; 1453.0; -35.7; 3411.2; 3927.6; 880.3; 1873.0; 2069.5; 880.3; 3788.4; 4544.1
1281.0; 44.323; -35.7; 1385.3; 1456.2; -35.7; 3436.1; 3958.5; 747.9; 1897.1; 2039.3; 747.9; 3853.8; 4541.6
1284.0; 44.523; -35.7; 1392.6; 1488.2; -35.7; 3274.8; 3792.2; 1293.6; 1791.8; 2210.0; 1293.6; 3281.3; 4513.9
1287.0; 44.721; -35.7; 1362.2; 1540.6; -35.7; 3054.3; 3660.2; 1633.3; 1688.2; 2349.0; 1633.3; 2864.6; 4468.7
1290.0; 44.915; -35.7; 1361.5; 1517.1; -35.7; 3154.3; 3744.5; 1414.6; 1776.2; 2270.6; 1414.6; 3135.1; 4498.1
1293.0; 45.107; -35.7; 1368.0; 1506.4; -35.7; 3207.2; 3785.8; 1313.0; 1808.3; 2234.7; 1313.0; 3260.3; 4514.1
1296.0; 45.297; -35.7; 1360.2; 1512.8; -35.7; 3169.7; 3777.5; 1340.1; 1805.5; 2248.5; 1340.1; 3240.5; 4513.2
1299.0; 45.485; -35.7; 1337.3; 1535.0; -35.7; 3047.2; 3730.1; 1462.8; 1778.0; 2302.4; 1462.8; 3112.6; 4497.4
1302.0; 45.671; -35.7; 1299.5; 1572.7; -35.7; 2849.3; 3652.1; 1650.2; 1726.4; 2388.2; 1650.2; 2905.8; 4467.6
1305.0; 45.852; -35.7; 1249.3; 1622.2; -35.7; 2603.7; 3556.0; 1867.1; 1652.8; 2493.6; 1867.1; 2655.8; 4427.4
1308.0; 46.029; -35.7; 1189.8; 1679.1; -35.7; 2339.4; 3453.1; 2087.9; 1561.7; 2607.4; 2087.9; 2392.7; 4381.4
1311.0; 46.201; -35.7; 1122.2; 1740.2; -35.7; 2073.9; 3349.3; 2300.6; 1457.5; 2723.4; 2300.6; 2131.8; 4332.5
1314.0; 46.367; -35.7; 1047.5; 1803.3; -35.7; 1817.8; 3248.0; 2499.9; 1344.0; 2838.3; 2499.9; 1881.1; 4283.0
1317.0; 46.528; -35.7; 967.2; 1866.5; -35.7; 1578.1; 3151.7; 2682.6; 1225.3; 2949.2; 2682.6; 1646.2; 4234.4
1320.0; 46.682; -35.7; 883.5; 1928.4; -35.7; 1359.5; 3062.5; 2846.9; 1105.7; 3054.1; 2846.9; 1430.7; 4188.2
1323.0; 46.832; -35.7; 798.8; 1987.5; -35.7; 1164.2; 2981.4; 2992.6; 988.5; 3151.7; 2992.6; 1236.4; 4145.6
1326.0; 46.976; -35.7; 715.4; 2043.2; -35.7; 992.2; 2909.0; 3120.6; 876.4; 3241.4; 3120.6; 1063.4; 4107.1
1329.0; 47.115; -35.7; 635.4; 2094.8; -35.7; 843.0; 2845.4; 3232.0; 771.8; 3322.8; 3232.0; 911.6; 4073.4
1332.0; 47.250; -35.7; 561.9; 2141.4; -35.7; 717.3; 2791.5; 3326.8; 677.5; 3395.1; 3326.8; 782.0; 4045.2
1335.0; 47.380; -35.7; 501.4; 2180.2; -35.7; 620.8; 2750.7; 3402.0; 600.5; 3454.6; 3402.0; 680.7; 4025.2
1338.0; 47.507; -35.7; 466.6; 2205.5; -35.7; 567.6; 2730.6; 3449.4; 555.0; 3493.8; 3449.4; 622.5; 4018.8
1341.0; 47.630; -35.7; 471.2; 2211.2; -35.7; 573.4; 2739.7; 3459.2; 556.6; 3503.7; 3459.2; 624.6; 4032.1
1344.0; 47.751; -35.7; 483.5; 2212.0; -35.7; 591.3; 2756.0; 3459.2; 572.3; 3506.2; 3459.2; 644.3; 4050.2
1347.0; 47.868; -35.7; 495.5; 2212.9; -35.7; 608.7; 2772.3; 3459.2; 588.0; 3508.8; 3459.2; 664.1; 4068.2
1350.0; 47.983; -35.7; 507.6; 2213.8; -35.7; 626.6; 2788.6; 3459.2; 603.3; 3511.4; 3459.2; 683.5; 4086.2
1353.0; 48.095; -35.7; 519.6; 2214.7; -35.7; 644.4; 2804.7; 3459.2; 618.4; 3514.0; 3459.2; 702.8; 4104.1
1356.0; 48.205; -35.7; 531.5; 2215.6; -35.7; 662.1; 2820.8; 3459.2; 633.3; 3516.7; 3459.2; 722.0; 4121.9
1359.0; 48.313; -35.7; 543.3; 2216.6; -35.7; 679.8; 2836.8; 3459.2; 648.1; 3519.4; 3459.2; 741.1; 4139.6
1362.0; 48.419; -35.7; 554.9; 2217.6; -35.7; 697.5; 2852.8; 3459.2; 662.8; 3522.1; 3459.2; 760.1; 4157.3
1365.0; 48.524; -35.7; 566.4; 2218.7; -35.7; 715.0; 2868.7; 3459.2; 677.3; 3524.9; 3459.2; 779.0; 4174.9
1368.0; 48.626; -35.7; 577.7; 2219.7; -35.7; 732.6; 2884.5; 3459.2; 691.6; 3527.6; 3459.2; 797.8; 4192.4
1371.0; 48.727; -35.7; 588.9; 2220.9; -35.7; 750.0; 2900.2; 3459.2; 705.8; 3530.5; 3459.2; 816.5; 4209.8
1374.0; 48.827; -35.7; 600.0; 2222.0; -35.7; 767.3; 2915.8; 3459.2; 719.9; 3533.3; 3459.2; 835.1; 4227.1
1377.0; 48.924; -35.7; 610.9; 2223.2; -35.7; 784.6; 2931.4; 3459.2; 733.8; 3536.2; 3459.2; 853.6; 4244.4
1380.0; 49.021; -35.7; 621.7; 2224.4; -35.7; 801.8; 2946.9; 3459.2; 747.5; 3539.0; 3459.2; 872.0; 4261.5
1383.0; 49.116; -35.7; 632.4; 2225.6; -35.7; 818.9; 2962.3; 3459.2; 761.1; 3541.9; 3459.2; 890.2; 4278.6
1386.0; 49.209; -35.7; 643.0; 2226.8; -35.7; 835.9; 2977.5; 3459.2; 774.6; 3544.8; 3459.2; 908.3; 4295.6
1389.0; 49.301; -35.7; 673.0; 2219.1; -35.7; 885.2; 3006.1; 3441.4; 805.1; 3534.3; 3441.4; 951.2; 4321.3
1392.0; 49.392; -35.7; 725.9; 2198.6; -35.7; 976.7; 3054.3; 3395.3; 864.8; 3503.7; 3395.3; 1036.6; 4359.4
1395.0; 49.482; -35.7; 764.5; 2181.4; -35.7; 1049.2; 3098.2; 3351.9; 924.7; 3477.1; 3351.9; 1122.9; 4393.9
1398.0; 49.570; -35.7; 803.1; 2165.4; -35.7; 1122.7; 3140.1; 3310.9; 977.7; 3452.2; 3310.9; 1201.9; 4427.0
1401.0; 49.658; -35.7; 839.3; 2150.6; -35.7; 1193.8; 3179.9; 3272.1; 1025.9; 3429.1; 3272.1; 1275.9; 4458.4
1404.0; 49.744; -35.7; 872.4; 2137.1; -35.7; 1261.0; 3217.5; 3235.3; 1070.7; 3407.8; 3235.3; 1346.2; 4488.2
1407.0; 49.830; -35.7; 902.9; 2124.7; -35.7; 1324.8; 3253.3; 3200.3; 1112.4; 3388.1; 3200.3; 1412.9; 4516.6
1410.0; 49.914; -35.7; 931.2; 2113.4; -35.7; 1385.7; 3287.4; 3167.0; 1151.2; 3369.7; 3167.0; 1476.4; 4543.8
1413.0; 49.998; -35.7; 957.5; 2102.9; -35.7; 1443.7; 3320.0; 3135.2; 1187.6; 3352.6; 3135.2; 1537.0; 4569.7
1416.0; 50.081; -35.7; 982.1; 2093.2; -35.7; 1499.3; 3351.2; 3105.0; 1221.7; 3336.7; 3105.0; 1594.8; 4594.6
1419.0; 50.163; -35.7; 1005.2; 2084.3; -35.7; 1552.4; 3381.1; 3076.0; 1253.9; 3321.7; 3076.0; 1650.2; 4618.6
1422.0; 50.244; -35.7; 1026.8; 2075.9; -35.7; 1603.4; 3409.8; 3048.3; 1284.2; 3307.8; 3048.3; 1703.2; 4641.6
1425.0; 50.325; -35.7; 1047.2; 2068.2; -35.7; 1652.4; 3437.4; 3021.7; 1312.8; 3294.6; 3021.7; 1754.1; 4663.8
1428.0; 50.405; -35.7; 1066.4; 2061.0; -35.7; 1699.5; 3464.0; 2996.3; 1340.0; 3282.3; 2996.3; 1803.1; 4685.3
1431.0; 50.484; -35.7; 1084.6; 2054.3; -35.7; 1744.9; 3489.7; 2971.8; 1365.7; 3270.6; 2971.8; 1850.1; 4706.0
1434.0; 50.563; -35.7; 1095.2; 2052.4; -35.7; 1772.3; 3510.1; 2948.3; 1385.8; 3264.0; 2948.3; 1885.9; 4721.8
1437.0; 50.641; -35.7; 1095.0; 2059.3; -35.7; 1771.3; 3521.2; 2925.6; 1393.2; 3266.5; 2925.6; 1897.2; 4728.4
1440.0; 50.718; -35.7; 1086.2; 2075.6; -35.7; 1744.8; 3522.8; 2903.7; 1384.7; 3278.4; 2903.7; 1879.1; 4725.6
1443.0; 50.795; -35.7; 1069.6; 2100.0; -35.7; 1696.7; 3515.7; 2882.6; 1361.4; 3298.7; 2882.6; 1834.5; 4714.5
1446.0; 50.872; -35.7; 1046.4; 2130.7; -35.7; 1632.5; 3502.1; 2862.1; 1326.6; 3325.5; 2862.1; 1770.0; 4696.9
1449.0; 50.947; -35.7; 1018.2; 2165.5; -35.7; 1558.0; 3484.2; 2842.3; 1283.9; 3356.4; 2842.3; 1693.2; 4675.1
1452.0; 51.023; -35.7; 986.4; 2202.5; -35.7; 1478.5; 3463.8; 2823.1; 1236.6; 3389.7; 2823.1; 1610.5; 4651.0
1455.0; 51.097; -35.7; 952.3; 2240.1; -35.7; 1397.9; 3442.5; 2804.4; 1187.3; 3423.7; 2804.4; 1526.3; 4626.2
1458.0; 51.172; -35.7; 917.0; 2277.4; -35.7; 1318.8; 3421.2; 2786.3; 1137.4; 3457.6; 2786.3; 1443.6; 4601.4
1461.0; 51.246; -35.7; 881.4; 2313.9; -35.7; 1242.6; 3400.5; 2768.7; 1087.9; 3490.8; 2768.7; 1363.9; 4577.4
1464.0; 51.319; -35.7; 845.8; 2349.3; -35.7; 1170.1; 3380.7; 2751.6; 1039.5; 3523.0; 2751.6; 1287.7; 4554.4
1467.0; 51.392; -35.7; 810.7; 2383.5; -35.7; 1101.5; 3361.8; 2734.9; 992.4; 3554.1; 2734.9; 1215.4; 4532.4
1470.0; 51.464; -35.7; 776.3; 2416.3; -35.7; 1036.9; 3344.1; 2718.8; 946.7; 3583.9; 2718.8; 1147.0; 4511.7
1473.0; 51.537; -35.7; 742.6; 2447.9; -35.7; 976.0; 3327.4; 2703.0; 902.6; 3612.6; 2703.0; 1082.3; 4492.1
1476.0; 51.608; -35.7; 709.9; 2478.2; -35.7; 918.9; 3311.7; 2687.7; 860.1; 3640.1; 2687.7; 1021.2; 4473.7
1479.0; 51.680; -35.7; 678.2; 2507.2; -35.7; 865.3; 3297.1; 2672.8; 819.2; 3666.5; 2672.8; 963.7; 4456.4
1482.0; 51.751; -35.7; 647.5; 2535.0; -35.7; 815.1; 3283.6; 2658.3; 780.0; 3691.6; 2658.3; 909.6; 4440.2
1485.0; 51.821; -35.7; 618.1; 2561.6; -35.7; 768.1; 3271.0; 2644.1; 742.6; 3715.7; 2644.1; 858.8; 4425.1
1488.0; 51.891; -35.7; 589.8; 2587.0; -35.7; 724.2; 3259.5; 2630.3; 706.9; 3738.6; 2630.3; 811.2; 4411.1
1491.0; 51.961; -35.7; 562.8; 2611.2; -35.7; 683.3; 3248.9; 2616.9; 672.9; 3760.5; 2616.9; 766.6; 4398.2
1494.0; 52.031; -35.7; 537.0; 2634.3; -35.7; 645.2; 3239.3; 2603.8; 640.7; 3781.3; 2603.8; 724.9; 4386.3
1497.0; 52.100; -35.7; 512.5; 2656.3; -35.7; 609.7; 3230.6; 2591.0; 610.2; 3801.0; 2591.0; 686.0; 4375.3
1500.0; 52.169; -35.7; 489.3; 2677.2; -35.7; 576.8; 3222.7; 2578.6; 581.5; 3819.8; 2578.6; 649.7; 4365.3
1503.0; 52.237; -35.7; 467.4; 2697.1; -35.7; 546.3; 3215.7; 2566.4; 554.4; 3837.6; 2566.4; 616.0; 4356.2
1506.0; 52.305; -35.7; 446.7; 2716.0; -35.7; 518.0; 3209.6; 2554.5; 529.0; 3854.5; 2554.5; 584.8; 4348.1
1509.0; 52.373; -35.7; 427.4; 2733.9; -35.7; 492.0; 3204.2; 2543.0; 505.3; 3870.4; 2543.0; 555.8; 4340.7
1512.0; 52.440; -35.7; 409.3; 2750.9; -35.7; 467.9; 3199.6; 2531.6; 483.1; 3885.5; 2531.6; 529.0; 4334.2
1515.0; 52.507; -35.7; 392.5; 2767.0; -35.7; 445.9; 3195.7; 2520.6; 462.5; 3899.8; 2520.6; 504.4; 4328.5
1518.0; 52.574; -35.7; 376.9; 2782.2; -35.7; 425.7; 3192.5; 2509.8; 443.5; 3913.2; 2509.8; 481.8; 4323.5
1521.0; 52.640; -35.7; 362.5; 2796.6; -35.7; 407.3; 3190.1; 2499.2; 425.9; 3925.8; 2499.2; 461.1; 4319.3
1524.0; 52.706; -35.7; 349.3; 2810.2; -35.7; 390.6; 3188.3; 2488.9; 409.9; 3937.7; 2488.9; 442.3; 4315.8
1527.0; 52.772; -35.7; 337.3; 2822.9; -35.7; 375.6; 3187.1; 2478.8; 395.3; 3948.8; 2478.8; 425.3; 4313.0
1530.0; 52.838; -35.7; 326.6; 2834.9; -35.7; 362.2; 3186.6; 2468.9; 382.1; 3959.2; 2468.9; 410.1; 4310.9
1533.0; 52.903; -35.7; 317.0; 2846.1; -35.7; 350.4; 3186.7; 2459.2; 370.4; 3968.8; 2459.2; 396.6; 4309.5
1536.0; 52.968; -35.7; 308.7; 2856.5; -35.7; 340.1; 3187.5; 2449.8; 360.2; 3977.7; 2449.8; 384.8; 4308.7
1539.0; 53.033; -35.7; 301.5; 2866.2; -35.7; 331.3; 3188.9; 2440.5; 351.3; 3985.9; 2440.5; 374.7; 4308.6
1542.0; 53.097; -35.7; 295.6; 2875.1; -35.7; 324.1; 3190.9; 2431.4; 343.9; 3993.4; 2431.4; 366.3; 4309.2
1545.0; 53.161; -35.7; 290.9; 2883.2; -35.7; 318.4; 3193.5; 2422.5; 338.0; 4000.1; 2422.5; 359.6; 4310.5
1548.0; 53.225; -35.7; 287.5; 2890.6; -35.7; 314.2; 3196.9; 2413.8; 333.5; 4006.1; 2413.8; 354.5; 4312.4
1551.0; 53.289; -35.7; 285.4; 2897.1; -35.7; 311.7; 3200.8; 2405.3; 330.6; 4011.4; 2405.3; 351.2; 4315.1
1554.0; 53.353; -35.7; 284.7; 2902.9; -35.7; 310.7; 3205.5; 2396.9; 329.2; 4015.9; 2396.9; 349.7; 4318.5
1557.0; 53.416; -35.7; 285.3; 2907.8; -35.7; 311.4; 3210.9; 2388.7; 329.5; 4019.5; 2388.7; 350.0; 4322.6
1560.0; 53.479; -35.7; 287.5; 2911.9; -35.7; 313.9; 3217.0; 2380.6; 331.5; 4022.3; 2380.6; 352.2; 4327.5
1563.0; 53.542; -35.7; 291.1; 2915.0; -35.7; 318.2; 3223.9; 2372.7; 335.3; 4024.3; 2372.7; 356.4; 4333.2
1566.0; 53.604; -35.7; 296.5; 2917.2; -35.7; 324.5; 3231.7; 2364.9; 340.9; 4025.3; 2364.9; 362.8; 4339.9
1569.0; 53.667; -35.7; 303.6; 2918.3; -35.7; 332.9; 3240.4; 2357.3; 348.6; 4025.3; 2357.3; 371.5; 4347.5
1572.0; 53.729; -35.7; 312.5; 2918.4; -35.7; 343.6; 3250.1; 2349.8; 358.4; 4024.3; 2349.8; 382.6; 4356.0
1575.0; 53.791; -35.7; 323.4; 2917.2; -35.7; 356.8; 3260.9; 2342.5; 370.5; 4022.1; 2342.5; 396.5; 4365.7
1578.0; 53.853; -35.7; 336.6; 2914.8; -35.7; 372.7; 3272.8; 2335.3; 385.1; 4018.6; 2335.3; 413.2; 4376.6
1581.0; 53.914; -35.7; 352.0; 2911.0; -35.7; 391.6; 3286.0; 2328.2; 402.4; 4013.8; 2328.2; 433.2; 4388.8
1584.0; 53.976; -35.7; 370.0; 2905.7; -35.7; 413.9; 3300.7; 2321.3; 422.6; 4007.5; 2321.3; 456.7; 4402.5
1587.0; 54.037; -35.7; 390.7; 2898.7; -35.7; 439.9; 3316.9; 2314.5; 446.0; 3999.5; 2314.5; 484.2; 4417.7
1590.0; 54.098; -35.7; 414.4; 2889.9; -35.7; 470.0; 3334.8; 2307.8; 472.9; 3989.8; 2307.8; 516.0; 4434.7
1593.0; 54.159; -35.7; 441.3; 2879.1; -35.7; 504.9; 3354.7; 2301.2; 503.6; 3978.0; 2301.2; 552.8; 4453.6
1596.0; 54.220; -35.7; 471.7; 2866.1; -35.7; 544.9; 3376.6; 2294.7; 538.4; 3964.1; 2294.7; 595.0; 4474.7
1599.0; 54.280; -35.7; 505.9; 2850.5; -35.7; 591.0; 3401.0; 2288.3; 577.7; 3947.7; 2288.3; 643.4; 4498.1
1602.0; 54.340; -35.7; 544.2; 2832.3; -35.7; 643.7; 3428.0; 2282.1; 621.9; 3928.6; 2282.1; 698.8; 4524.3
1605.0; 54.401; -35.7; 586.8; 2811.0; -35.7; 704.1; 3457.9; 2275.9; 671.5; 3906.4; 2275.9; 762.0; 4553.4
1608.0; 54.461; -35.7; 634.1; 2786.3; -35.7; 773.3; 3491.2; 2269.9; 726.8; 3880.9; 2269.9; 834.0; 4585.8
1611.0; 54.521; -35.7; 686.4; 2757.9; -35.7; 852.4; 3528.1; 2264.0; 788.3; 3851.7; 2264.0; 916.2; 4621.9
1614.0; 54.581; -35.7; 743.8; 2725.3; -35.7; 942.9; 3569.0; 2258.1; 856.5; 3818.3; 2258.1; 1009.8; 4662.1
1617.0; 54.641; -35.7; 806.6; 2688.1; -35.7; 1046.5; 3614.5; 2252.4; 931.7; 3780.4; 2252.4; 1116.3; 4706.8
1620.0; 54.700; -35.7; 874.5; 2645.9; -35.7; 1164.7; 3664.9; 2246.8; 1014.3; 3737.4; 2246.8; 1237.4; 4756.4
1623.0; 54.760; -35.7; 947.4; 2598.4; -35.7; 1299.1; 3720.4; 2241.3; 1104.1; 3689.2; 2241.3; 1374.5; 4811.2
1626.0; 54.819; -35.7; 1024.1; 2545.4; -35.7; 1450.7; 3781.3; 2235.9; 1200.8; 3635.5; 2235.9; 1528.7; 4871.4
1629.0; 54.879; -35.7; 1103.2; 2487.4; -35.7; 1619.2; 3847.1; 2230.6; 1303.2; 3576.9; 2230.6; 1700.2; 4936.5
1632.0; 54.938; -35.7; 1182.0; 2425.3; -35.7; 1802.6; 3916.9; 2225.5; 1409.3; 3514.1; 2225.5; 1887.6; 5005.7
1635.0; 54.997; -35.7; 1257.6; 2360.7; -35.7; 1996.1; 3989.0; 2220.5; 1516.2; 3448.9; 2220.5; 2087.0; 5077.1
1638.0; 55.056; -35.7; 1326.5; 2296.2; -35.7; 2192.5; 4060.9; 2215.6; 1620.2; 3383.7; 2215.6; 2292.4; 5148.4
1641.0; 55.115; -35.7; 1386.2; 2234.5; -35.7; 2382.5; 4129.7; 2210.8; 1717.4; 3321.4; 2210.8; 2495.3; 5216.6
1644.0; 55.174; -35.7; 1435.0; 2178.5; -35.7; 2556.9; 4192.7; 2206.2; 1804.3; 3264.8; 2206.2; 2686.4; 5279.0
1647.0; 55.233; -35.7; 1472.8; 2130.4; -35.7; 2708.2; 4247.6; 2201.8; 1878.4; 3216.2; 2201.8; 2857.0; 5333.4
1650.0; 55.291; -35.7; 1500.8; 2091.5; -35.7; 2832.3; 4293.2; 2197.4; 1938.5; 3176.7; 2197.4; 3000.7; 5378.4
1653.0; 55.350; -35.7; 1521.1; 2061.8; -35.7; 2929.3; 4329.4; 2193.2; 1984.6; 3146.5; 2193.2; 3114.4; 5414.1
1656.0; 55.408; -35.7; 1536.2; 2040.5; -35.7; 3002.9; 4357.0; 2189.1; 2017.7; 3124.7; 2189.1; 3198.8; 5441.2
1659.0; 55.466; -35.7; 1548.7; 2025.7; -35.7; 3060.4; 4378.2; 2185.1; 2039.9; 3109.4; 2185.1; 3258.3; 5461.9
1662.0; 55.524; -35.7; 1561.1; 2014.4; -35.7; 3111.4; 4395.6; 2181.1; 2054.5; 3097.7; 2181.1; 3300.8; 5478.8
1665.0; 55.582; -35.7; 1575.7; 2003.5; -35.7; 3166.6; 4412.6; 2177.3; 2065.7; 3086.3; 2177.3; 3337.5; 5495.3
1668.0; 55.640; -35.7; 1593.1; 1989.9; -35.7; 3234.1; 4432.2; 2173.5; 2078.1; 3072.2; 2173.5; 3380.3; 5514.5
1671.0; 55.698; -35.7; 1612.2; 1971.9; -35.7; 3315.6; 4456.0; 2169.8; 2096.0; 3053.7; 2169.8; 3438.6; 5537.9
1674.0; 55.756; -35.7; 1629.7; 1950.1; -35.7; 3403.9; 4483.5; 2166.1; 2120.9; 3031.6; 2166.1; 3515.2; 5564.9
1677.0; 55.814; -35.7; 1649.3; 1934.8; -35.7; 3495.0; 4522.0; 2091.4; 2147.7; 2997.7; 2091.4; 3605.1; 5585.0
1680.0; 55.871; -35.7; 1662.5; 1921.2; -35.7; 3570.8; 4560.0; 2010.1; 2178.2; 2963.9; 2010.1; 3702.5; 5602.7
1683.0; 55.929; -35.8; 1668.7; 1911.3; -35.8; 3622.7; 4592.7; 1933.2; 2208.1; 2934.8; 1933.2; 3794.1; 5616.2
1686.0; 55.986; -36.0; 1668.0; 1906.2; -36.0; 3645.3; 4616.2; 1871.8; 2233.5; 2914.4; 1871.8; 3866.8; 5624.4
1689.0; 56.044; -36.2; 1681.6; 1934.1; -36.2; 3652.4; 4658.7; 1599.4; 2235.2; 2873.4; 1599.4; 3905.6; 5598.0
1692.0; 56.101; -36.6; 1703.2; 1989.5; -36.6; 3638.4; 4715.2; 1153.4; 2219.1; 2815.6; 1153.4; 3918.2; 5541.4
1695.0; 56.159; -37.6; 1726.2; 2067.1; -37.6; 3597.7; 4780.6; 573.4; 2190.9; 2745.6; 573.4; 3911.8; 5459.1
1698.0; 56.216; -91.8; 1745.2; 2163.0; -91.8; 3527.8; 4850.4; -57.1; 2154.5; 2667.2; -57.1; 3889.8; 5354.6
1701.0; 56.274; -532.9; 1756.6; 2272.3; -532.9; 3430.4; 4919.6; -368.1; 2111.8; 2584.8; -368.1; 3852.5; 5232.1
1704.0; 56.332; -991.3; 1756.7; 2386.3; -991.3; 3312.8; 4983.7; -675.8; 2064.9; 2503.1; -675.8; 3801.3; 5100.5
1707.0; 56.390; -1416.9; 1745.2; 2494.5; -1416.9; 3185.4; 5035.7; -960.2; 2017.5; 2429.4; -960.2; 3739.2; 4970.7
1710.0; 56.449; -1757.1; 1722.4; 2584.2; -1757.1; 3058.6; 5067.0; -1187.3; 1975.1; 2373.2; -1187.3; 3670.6; 4855.9
1713.0; 56.509; -1950.2; 1687.1; 2642.6; -1950.2; 2935.3; 5065.8; -1315.7; 1944.3; 2347.6; -1315.7; 3598.1; 4770.9
1716.0; 56.569; -2015.2; 1643.7; 2676.4; -2015.2; 2813.9; 5034.7; -1358.9; 1919.1; 2351.5; -1358.9; 3509.6; 4709.8
1719.0; 56.629; -2112.6; 1607.8; 2722.6; -2112.6; 2698.2; 5004.2; -1424.0; 1874.5; 2354.0; -1424.0; 3380.8; 4635.6
1722.0; 56.690; -2236.1; 1572.2; 2781.2; -2236.1; 2575.5; 4971.3; -1506.4; 1813.8; 2357.8; -1506.4; 3216.0; 4547.9
1725.0; 56.752; -2373.7; 1531.6; 2848.6; -2373.7; 2441.4; 4934.6; -1598.2; 1742.4; 2364.3; -1598.2; 3026.8; 4450.3
1728.0; 56.814; -2516.3; 1478.1; 2922.7; -2516.3; 2287.1; 4892.2; -1693.3; 1665.7; 2375.3; -1693.3; 2824.4; 4344.8
1731.0; 56.877; -2671.5; 1391.2; 3012.0; -2671.5; 2077.3; 4838.9; -1797.7; 1583.8; 2395.9; -1797.7; 2601.9; 4222.8
1734.0; 56.941; -2838.2; 1281.6; 3114.2; -2838.2; 1839.0; 4776.3; -1909.1; 1486.7; 2424.4; -1909.1; 2351.0; 4086.5
1737.0; 57.005; -2992.6; 1175.0; 3215.0; -2992.6; 1620.8; 4708.5; -2012.1; 1371.2; 2456.8; -2012.1; 2082.0; 3950.3
1740.0; 57.071; -3134.3; 1070.1; 3312.0; -3134.3; 1421.1; 4638.1; -2106.5; 1244.7; 2490.6; -2106.5; 1812.9; 3816.8
1743.0; 57.137; -3256.1; 971.4; 3397.9; -3256.1; 1246.2; 4569.6; -2187.7; 1119.3; 2521.7; -2187.7; 1567.3; 3693.3
1746.0; 57.205; -3351.5; 884.7; 3466.3; -3351.5; 1102.9; 4506.7; -2251.3; 1007.3; 2546.3; -2251.3; 1363.1; 3586.7
1749.0; 57.273; -3418.5; 814.6; 3514.2; -3418.5; 993.4; 4451.9; -2296.0; 916.5; 2562.4; -2296.0; 1207.1; 3500.0
1752.0; 57.343; -3459.5; 762.4; 3542.5; -3459.5; 915.3; 4405.6; -2323.3; 849.2; 2569.8; -2323.3; 1096.8; 3432.9
1755.0; 57.413; -3479.1; 726.3; 3554.1; -3479.1; 863.2; 4367.0; -2336.4; 803.2; 2569.5; -2336.4; 1024.0; 3382.4
1758.0; 57.485; -3482.7; 703.4; 3553.1; -3482.7; 830.8; 4334.5; -2338.8; 774.1; 2563.4; -2338.8; 979.3; 3344.8
1761.0; 57.558; -3475.2; 690.1; 3543.1; -3475.2; 812.7; 4306.4; -2333.8; 757.2; 2553.1; -2333.8; 954.2; 3316.4
1764.0; 57.633; -3460.1; 683.9; 3527.0; -3460.1; 804.6; 4281.5; -2323.7; 748.7; 2539.9; -2323.7; 942.2; 3294.5
1767.0; 57.709; -3439.7; 682.7; 3506.8; -3439.7; 803.7; 4259.0; -2310.1; 745.9; 2524.9; -2310.1; 939.2; 3277.0
1770.0; 57.786; -3415.4; 685.6; 3483.5; -3415.4; 808.4; 4238.2; -2293.9; 747.3; 2508.5; -2293.9; 942.9; 3263.2
1773.0; 57.865; -3387.6; 692.2; 3457.6; -3387.6; 818.3; 4219.1; -2275.4; 752.2; 2490.9; -2275.4; 952.3; 3252.4
1776.0; 57.946; -3356.1; 702.5; 3428.9; -3356.1; 833.6; 4201.6; -2254.4; 760.8; 2472.1; -2254.4; 967.6; 3244.9
1779.0; 58.028; -3320.8; 716.7; 3397.2; -3320.8; 854.6; 4185.9; -2230.8; 773.2; 2452.2; -2230.8; 989.5; 3240.8
1782.0; 58.112; -3281.1; 735.0; 3362.4; -3281.1; 881.8; 4172.0; -2204.4; 789.9; 2430.9; -2204.4; 1018.4; 3240.5
1785.0; 58.199; -3236.9; 757.2; 3324.2; -3236.9; 915.3; 4160.0; -2174.9; 810.8; 2408.2; -2174.9; 1055.0; 3243.9
1788.0; 58.288; -3187.8; 783.3; 3282.7; -3187.8; 955.3; 4149.8; -2142.2; 835.8; 2384.2; -2142.2; 1099.4; 3251.3
1791.0; 58.380; -3133.7; 813.3; 3237.5; -3133.7; 1002.2; 4141.4; -2106.1; 865.0; 2358.8; -2106.1; 1152.0; 3262.7
1794.0; 58.475; -3074.1; 847.2; 3188.7; -3074.1; 1056.6; 4135.0; -2066.4; 898.2; 2332.1; -2066.4; 1213.3; 3278.4
1797.0; 58.573; -3008.2; 885.3; 3135.8; -3008.2; 1119.5; 4130.5; -2022.5; 935.5; 2304.0; -2022.5; 1284.2; 3298.8
1800.0; 58.674; -2934.9; 928.1; 3078.1; -2934.9; 1192.4; 4128.3; -1973.6; 977.3; 2274.4; -1973.6; 1366.1; 3324.6
1803.0; 58.778; -2852.2; 976.2; 3014.7; -2852.2; 1277.8; 4128.8; -1918.5; 1024.1; 2243.0; -1918.5; 1461.4; 3357.2
1806.0; 58.885; -2757.8; 1030.7; 2944.1; -2757.8; 1379.0; 4132.5; -1855.5; 1076.9; 2209.6; -1855.5; 1573.4; 3398.0
1809.0; 58.995; -2648.2; 1092.2; 2864.6; -2648.2; 1499.9; 4139.9; -1782.5; 1136.4; 2173.8; -1782.5; 1706.1; 3449.0
1812.0; 59.108; -2519.8; 1160.9; 2774.4; -2519.8; 1645.0; 4151.4; -1696.9; 1203.1; 2135.3; -1696.9; 1863.7; 3512.3
1815.0; 59.224; -2369.6; 1235.7; 2672.4; -2369.6; 1817.5; 4167.0; -1596.7; 1276.3; 2094.4; -1596.7; 2048.9; 3589.0
1818.0; 59.342; -2197.5; 1312.7; 2559.7; -2197.5; 2016.0; 4185.8; -1482.0; 1353.8; 2052.3; -1482.0; 2260.0; 3678.4
1821.0; 59.463; -2010.0; 1385.4; 2441.2; -2010.0; 2231.4; 4205.8; -1357.0; 1430.6; 2010.9; -1357.0; 2487.1; 3775.5
1824.0; 59.587; -1821.0; 1446.3; 2325.5; -1821.0; 2445.0; 4224.1; -1231.0; 1500.8; 1973.3; -1231.0; 2712.5; 3871.8
1827.0; 59.713; -1648.7; 1490.7; 2222.6; -1648.7; 2634.8; 4238.1; -1116.1; 1559.3; 1941.6; -1116.1; 2915.1; 3957.0
1830.0; 59.842; -1507.2; 1518.4; 2139.5; -1507.2; 2784.9; 4246.8; -1021.8; 1604.0; 1916.6; -1021.8; 3080.1; 4023.9
1833.0; 59.972; -1400.2; 1533.7; 2076.7; -1400.2; 2893.8; 4250.5; -950.5; 1635.7; 1897.7; -950.5; 3203.8; 4071.5
1836.0; 60.106; -1314.5; 1543.5; 2027.4; -1314.5; 2978.4; 4250.8; -893.3; 1657.8; 1883.2; -893.3; 3296.5; 4106.6
1839.0; 60.241; -1224.8; 1554.3; 1978.9; -1224.8; 3067.7; 4249.2; -833.6; 1675.5; 1871.4; -833.6; 3377.6; 4141.6
1842.0; 60.379; -1144.6; 1561.8; 1936.3; -1144.6; 3145.1; 4246.5; -780.1; 1690.2; 1861.5; -780.1; 3447.8; 4171.6
1845.0; 60.519; -1081.4; 1564.8; 1902.1; -1081.4; 3202.5; 4242.4; -735.1; 1701.6; 1853.6; -735.1; 3504.0; 4193.9
1848.0; 60.662; -1026.6; 1566.9; 1873.3; -1026.6; 3251.1; 4237.8; -698.4; 1709.7; 1846.9; -698.4; 3548.7; 4211.4
1851.0; 60.806; -984.4; 1567.2; 1850.8; -984.4; 3286.6; 4232.6; -670.1; 1715.0; 1841.2; -670.1; 3582.0; 4223.0
1854.0; 60.953; -948.3; 1567.7; 1832.2; -948.3; 3316.8; 4227.1; -649.2; 1717.5; 1836.1; -649.2; 3606.8; 4231.1
1857.0; 61.105; -867.1; 1574.3; 1797.3; -867.1; 3387.0; 4218.7; -595.1; 1721.1; 1834.6; -595.1; 3640.4; 4256.0
1860.0; 61.263; -752.8; 1582.7; 1752.6; -752.8; 3477.7; 4206.8; -518.8; 1724.5; 1837.4; -518.8; 3676.6; 4291.5
1863.0; 61.427; -491.1; 1556.8; 1679.3; -491.1; 3526.7; 4163.0; -344.3; 1751.6; 1873.9; -344.3; 3722.8; 4357.6
1866.0; 61.598; -248.6; 1521.5; 1617.8; -248.6; 3533.7; 4117.3; -182.7; 1779.2; 1914.3; -182.7; 3753.9; 4413.7
1869.0; 61.774; -108.5; 1498.1; 1584.3; -108.5; 3525.8; 4087.7; -89.3; 1793.8; 1939.6; -89.3; 3764.4; 4443.0
1872.0; 61.954; -35.8; 1484.8; 1567.6; -35.8; 3516.7; 4070.5; -40.9; 1800.2; 1953.2; -40.9; 3765.7; 4456.1
1875.0; 62.138; -35.7; 1485.2; 1567.7; -35.7; 3514.6; 4066.8; -40.8; 1795.6; 1953.0; -40.8; 3756.4; 4452.1
1878.0; 62.325; -35.7; 1485.2; 1567.8; -35.7; 3511.9; 4063.3; -40.8; 1791.6; 1952.8; -40.8; 3748.0; 4448.2
1881.0; 62.515; -35.7; 1485.1; 1567.9; -35.7; 3509.0; 4059.7; -40.8; 1787.9; 1952.5; -40.8; 3740.1; 4444.3
1884.0; 62.708; -35.7; 1485.0; 1568.1; -35.7; 3506.1; 4056.1; -40.8; 1783.9; 1952.4; -40.8; 3731.9; 4440.3
1887.0; 62.905; -35.7; 1485.4; 1568.5; -35.7; 3503.6; 4052.2; -40.8; 1779.4; 1952.4; -40.8; 3722.4; 4436.1
1890.0; 63.104; -35.7; 1447.8; 1525.6; -35.7; 3477.9; 4015.3; 266.7; 1821.6; 1987.2; 266.7; 3770.5; 4476.9
1893.0; 63.304; -35.7; 1388.1; 1459.2; -35.7; 3439.0; 3962.4; 740.4; 1901.8; 2040.8; 740.4; 3848.5; 4544.1
1896.0; 63.503; -35.7; 1407.4; 1496.5; -35.7; 3266.0; 3760.6; 1408.4; 1751.9; 2247.8; 1408.4; 3150.4; 4511.9
1899.0; 63.698; -35.7; 1392.6; 1519.8; -35.7; 3176.7; 3711.6; 1532.5; 1719.3; 2303.2; 1532.5; 2990.1; 4495.0
1902.0; 63.890; -35.7; 1397.2; 1494.0; -35.7; 3295.3; 3806.7; 1276.9; 1807.5; 2213.1; 1276.9; 3294.2; 4525.8
1905.0; 64.081; -35.7; 1431.5; 1514.9; -35.7; 3396.3; 3912.1; 785.4; 1829.8; 2109.6; 785.4; 3495.2; 4506.8
1908.0; 64.272; -35.7; 1458.2; 1539.2; -35.7; 3451.9; 3980.6; 417.0; 1827.7; 2040.6; 417.0; 3601.4; 4482.0
1911.0; 64.464; -35.7; 1477.2; 1559.2; -35.7; 3484.1; 4023.8; 160.6; 1818.4; 1995.5; 160.6; 3656.0; 4460.0
1914.0; 64.658; -35.7; 1492.6; 1576.4; -35.7; 3506.6; 4054.6; -40.7; 1806.7; 1961.4; -40.7; 3686.6; 4439.6
1917.0; 64.853; -35.7; 1489.9; 1573.6; -35.7; 3506.5; 4054.5; -40.8; 1808.5; 1958.2; -40.8; 3698.6; 4439.2
1920.0; 65.050; -35.7; 1489.5; 1574.5; -35.7; 3502.9; 4050.6; -40.8; 1805.4; 1958.9; -40.8; 3685.4; 4435.0
1923.0; 65.247; -35.7; 1467.4; 1551.6; -35.7; 3465.7; 4002.0; 236.3; 1816.3; 2006.0; 236.3; 3625.8; 4456.4
1926.0; 65.441; -35.7; 1420.3; 1500.8; -35.7; 3361.7; 3863.9; 992.3; 1816.2; 2147.0; 992.3; 3409.0; 4510.0
1929.0; 65.630; -35.7; 1407.5; 1490.7; -35.7; 3311.4; 3802.4; 1291.8; 1797.1; 2213.2; 1291.8; 3275.8; 4524.9
1932.0; 65.816; -35.7; 1406.1; 1487.9; -35.7; 3328.7; 3823.3; 1236.1; 1815.8; 2196.7; 1236.1; 3341.8; 4532.1
1935.0; 66.000; -35.7; 1405.5; 1484.3; -35.7; 3348.4; 3845.9; 1175.8; 1833.5; 2178.2; 1175.8; 3413.4; 4539.8
1938.0; 66.183; -35.7; 1404.8; 1483.7; -35.7; 3354.0; 3854.6; 1158.0; 1839.2; 2173.4; 1158.0; 3438.5; 4544.3
1941.0; 66.365; -35.7; 1402.4; 1485.8; -35.7; 3345.0; 3852.6; 1171.8; 1837.6; 2179.4; 1171.8; 3429.8; 4546.2
1944.0; 66.546; -35.7; 1395.1; 1491.6; -35.7; 3313.2; 3841.7; 1207.7; 1832.6; 2194.7; 1207.7; 3397.6; 4544.8
1947.0; 66.725; -35.7; 1377.5; 1505.6; -35.7; 3230.7; 3812.4; 1286.4; 1820.5; 2229.1; 1286.4; 3320.2; 4535.9
1950.0; 66.903; -35.7; 1339.0; 1539.6; -35.7; 3035.0; 3737.7; 1469.9; 1782.3; 2310.2; 1469.9; 3126.0; 4508.3
1953.0; 67.080; -35.7; 1257.4; 1617.2; -35.7; 2630.2; 3575.9; 1834.9; 1669.9; 2481.0; 1834.9; 2707.4; 4439.7
1956.0; 67.252; -35.7; 1089.8; 1763.3; -35.7; 1963.8; 3303.6; 2378.2; 1412.3; 2765.9; 2378.2; 2028.8; 4306.3
1959.0; 67.419; -35.7; 757.4; 1994.2; -35.7; 1086.0; 2925.4; 3020.7; 931.9; 3161.2; 3020.7; 1148.5; 4092.3
1962.0; 67.583; -38.1; 80.2; 2701.1; -38.1; 82.4; 2785.9; 797.0; 96.2; 3304.4; 797.0; 98.4; 3389.3
1965.0; 67.750; -1474.8; -1065.5; 3595.6; -1474.8; -806.5; 2696.1; -999.8; -1136.1; 3378.4; -999.8; -876.6; 2478.9
1968.0; 67.926; -2062.1; -2139.0; 4069.8; -2062.1; -1322.6; 2449.8; -1391.8; -2258.3; 3602.4; -1391.8; -1350.9; 1982.5
1971.0; 68.113; -1482.9; -2822.4; 4150.6; -1482.9; -1499.8; 2109.1; -1005.6; -2960.9; 3926.3; -1005.6; -1566.2; 1884.8
1974.0; 68.310; -1076.3; -3238.8; 4176.7; -1076.3; -1564.9; 1899.3; -734.5; -3360.2; 4122.9; -734.5; -1662.9; 1845.5
1977.0; 68.515; -837.8; -3434.2; 4177.0; -837.8; -1579.9; 1788.3; -575.6; -3558.7; 4222.8; -575.6; -1705.2; 1834.1
1980.0; 68.730; -723.9; -3508.1; 4169.5; -723.9; -1580.5; 1738.4; -499.6; -3641.3; 4262.4; -499.6; -1718.7; 1831.4
1983.0; 68.955; -675.2; -3533.4; 4159.9; -675.2; -1580.2; 1718.4; -467.1; -3663.9; 4272.5; -467.1; -1716.7; 1831.0
1986.0; 69.192; -655.9; -3540.9; 4148.6; -655.9; -1581.8; 1712.4; -454.3; -3653.2; 4268.5; -454.3; -1705.2; 1832.3
1989.0; 69.444; -652.5; -3540.3; 4134.7; -652.5; -1586.8; 1715.7; -452.0; -3613.6; 4255.0; -452.0; -1684.2; 1836.0
1992.0; 69.713; -670.3; -3530.9; 4114.1; -670.3; -1599.3; 1734.1; -463.9; -3514.6; 4226.0; -463.9; -1641.0; 1846.0
1995.0; 69.996; -35.7; -3455.7; 3991.0; -35.7; -1484.0; 1585.3; -40.8; -3558.3; 4370.4; -40.8; -1705.2; 1964.7
1998.0; 70.282; -35.7; -3385.6; 3893.1; -35.7; -1375.2; 1445.4; 903.5; -3762.3; 4511.9; 903.5; -1855.9; 2064.1
2001.0; 70.557; -35.7; -3239.6; 3727.9; -35.7; -1389.9; 1493.2; 1386.2; -3102.5; 4469.5; 1386.2; -1752.8; 2234.7
2004.0; 70.818; -35.7; -3066.8; 3643.3; -35.7; -1319.1; 1535.9; 1578.4; -2859.6; 4434.2; 1578.4; -1709.6; 2326.8
2007.0; 71.068; -35.7; -3195.4; 3730.2; -35.7; -1350.1; 1507.6; 1369.3; -3118.4; 4468.7; 1369.3; -1780.5; 2246.1
2010.0; 71.314; -35.7; -3197.0; 3743.4; -35.7; -1352.3; 1505.8; 1346.2; -3159.6; 4476.6; 1346.2; -1789.2; 2239.0
2013.0; 71.555; -35.7; -3074.8; 3698.5; -35.7; -1323.4; 1527.3; 1464.2; -3041.3; 4462.3; 1464.2; -1762.1; 2291.1
2016.0; 71.789; -35.7; -2806.3; 3594.8; -35.7; -1265.8; 1577.3; 1708.5; -2773.0; 4421.3; 1708.5; -1691.0; 2403.8
2019.0; 72.012; -35.7; -2416.6; 3444.7; -35.7; -1181.9; 1655.6; 2032.5; -2394.9; 4354.3; 2032.5; -1565.0; 2565.2
2022.0; 72.220; -35.7; -1965.8; 3268.7; -35.7; -1070.0; 1755.5; 2381.0; -1965.1; 4267.9; 2381.0; -1385.2; 2754.6
2025.0; 72.417; -35.7; -1507.7; 3084.4; -35.7; -925.5; 1869.0; 2716.1; -1529.6; 4169.9; 2716.1; -1162.6; 2954.5
2028.0; 72.603; -35.7; -1086.9; 2907.6; -35.7; -752.4; 1986.7; 3012.2; -1125.1; 4069.6; 3012.2; -917.1; 3148.7
2031.0; 72.778; -35.7; -742.6; 2755.6; -35.7; -571.6; 2095.6; 3248.8; -786.6; 3979.4; 3248.8; -680.5; 3319.3
2034.0; 72.944; -35.7; -514.7; 2652.0; -35.7; -427.0; 2177.3; 3405.8; -556.6; 3917.3; 3405.8; -501.8; 3442.5
2037.0; 73.102; -35.7; -449.3; 2626.4; -35.7; -381.5; 2207.3; 3459.2; -489.0; 3907.0; 3459.2; -446.3; 3487.9
2040.0; 73.252; -35.7; -468.8; 2643.8; -35.7; -396.0; 2207.7; 3459.2; -509.4; 3926.2; 3459.2; -463.2; 3490.1
2043.0; 73.397; -35.7; -487.1; 2661.0; -35.7; -409.5; 2208.2; 3459.2; -530.4; 3945.2; 3459.2; -480.5; 3492.4
2046.0; 73.537; -35.7; -505.6; 2678.1; -35.7; -423.0; 2208.8; 3459.2; -551.1; 3964.1; 3459.2; -497.4; 3494.8
2049.0; 73.672; -35.7; -524.1; 2695.1; -35.7; -436.3; 2209.4; 3459.2; -571.5; 3982.8; 3459.2; -514.0; 3497.2
2052.0; 73.802; -35.7; -542.5; 2712.0; -35.7; -449.4; 2210.1; 3459.2; -591.8; 4001.5; 3459.2; -530.4; 3499.6
2055.0; 73.929; -35.7; -560.9; 2728.7; -35.7; -462.3; 2210.8; 3459.2; -611.9; 4020.0; 3459.2; -546.5; 3502.1
2058.0; 74.053; -35.7; -579.2; 2745.4; -35.7; -475.1; 2211.6; 3459.2; -631.9; 4038.5; 3459.2; -562.5; 3504.6
2061.0; 74.174; -35.7; -597.3; 2762.0; -35.7; -487.7; 2212.4; 3459.2; -651.7; 4056.8; 3459.2; -578.2; 3507.2
2064.0; 74.291; -35.7; -555.9; 2754.9; -35.7; -459.7; 2236.8; 3459.2; -616.0; 4051.4; 3459.2; -550.3; 3533.4
2067.0; 74.406; -35.7; -428.4; 2710.6; -35.7; -368.8; 2298.4; 3459.2; -490.6; 4008.9; 3459.2; -448.5; 3596.7
2070.0; 74.519; -35.7; -229.9; 2631.0; -35.7; -211.2; 2395.3; 3459.2; -282.8; 3931.0; 3459.2; -268.6; 3695.3
2073.0; 74.629; -35.7; 11.3; 2523.4; -35.7; 11.4; 2520.1; 3459.2; -18.4; 3825.2; 3459.2; -18.4; 3821.8
2076.0; 74.737; -35.7; 259.3; 2400.5; -35.7; 285.0; 2660.2; 3459.2; 267.3; 3704.0; 3459.2; 282.4; 3963.7
2079.0; 74.843; -35.7; 478.1; 2279.1; -35.7; 576.7; 2798.6; 3459.2; 535.3; 3584.3; 3459.2; 598.1; 4103.8
2082.0; 74.947; -36.3; 659.4; 2275.5; -36.3; 854.3; 3028.5; 2615.2; 759.8; 3368.0; 2615.2; 898.1; 4121.0
2085.0; 75.050; -36.8; 809.8; 2439.9; -36.8; 1085.2; 3385.8; 560.1; 924.7; 3011.7; 560.1; 1164.3; 3957.6
2088.0; 75.153; -1162.7; 903.5; 2696.8; -1162.7; 1205.0; 3743.8; -790.8; 999.0; 2639.9; -790.8; 1332.0; 3686.9
2091.0; 75.259; -2455.5; 884.2; 2972.8; -2455.5; 1139.1; 3989.5; -1653.2; 971.7; 2367.5; -1653.2; 1329.0; 3384.2
2094.0; 75.368; -3118.5; 700.5; 3196.2; -3118.5; 850.4; 4016.1; -2096.0; 831.1; 2307.8; -2096.0; 1088.1; 3127.6
2097.0; 75.482; -3367.0; 412.9; 3392.2; -3367.0; 463.9; 3892.8; -2261.7; 558.3; 2395.6; -2261.7; 661.7; 2896.2
2100.0; 75.600; -3564.6; 148.6; 3567.7; -3564.6; 155.9; 3767.0; -2393.4; 246.9; 2484.2; -2393.4; 264.8; 2683.5
2103.0; 75.725; -3656.5; 2.7; 3656.5; -3656.5; 2.9; 3682.5; -2454.7; 42.2; 2530.8; -2454.7; 42.7; 2556.7
2106.0; 75.858; -3651.2; -2.6; 3651.2; -3651.2; -2.6; 3651.2; -2451.2; 0.7; 2524.2; -2451.2; 0.7; 2524.2
2109.0; 75.999; -3629.7; 0.1; 3629.7; -3629.7; 0.1; 3629.7; -2436.8; -0.1; 2508.3; -2436.8; -0.1; 2508.4
2112.0; 76.152; -3490.8; 189.2; 3496.0; -3490.8; 198.2; 3672.0; -2344.2; 189.7; 2429.9; -2344.2; 201.5; 2606.0
2115.0; 76.319; -3171.6; 555.9; 3220.0; -3171.6; 648.5; 3783.2; -2131.4; 580.2; 2285.7; -2131.4; 700.8; 2848.9
2118.0; 76.502; -2658.6; 978.1; 2832.8; -2658.6; 1345.1; 3928.0; -1789.4; 1030.1; 2112.6; -1789.4; 1471.8; 3207.8
2121.0; 76.703; -2050.8; 1302.1; 2429.2; -2050.8; 2154.9; 4054.4; -1384.2; 1375.3; 1963.5; -1384.2; 2304.4; 3588.7
2124.0; 76.923; -1495.0; 1478.6; 2102.7; -1495.0; 2854.7; 4130.3; -1013.7; 1571.5; 1870.0; -1013.7; 2960.8; 3897.7
2127.0; 77.160; -1072.6; 1555.5; 1889.5; -1072.6; 3295.7; 4152.7; -732.1; 1661.1; 1833.9; -732.1; 3344.9; 4097.1
2130.0; 77.415; -822.6; 1581.0; 1782.2; -822.6; 3480.6; 4143.8; -565.4; 1697.8; 1831.1; -565.4; 3508.6; 4192.7
2133.0; 77.689; -750.7; 1588.1; 1756.6; -750.7; 3522.0; 4129.0; -517.5; 1705.7; 1834.8; -517.5; 3527.0; 4207.2
2136.0; 77.972; -35.7; 1468.2; 1614.0; -35.7; 3417.3; 3966.8; -40.8; 1752.7; 1993.8; -40.8; 3381.7; 4346.7
2139.0; 78.252; -35.7; 1452.5; 1620.4; -35.7; 3407.4; 3957.8; -40.8; 1753.7; 2000.0; -40.8; 3355.3; 4337.3
2142.0; 78.524; -35.7; 1384.1; 1496.3; -35.7; 3264.7; 3740.8; 1325.9; 1783.9; 2222.7; 1325.9; 3137.3; 4467.2
2145.0; 78.789; -35.7; 1356.9; 1502.8; -35.7; 3224.7; 3735.6; 1342.8; 1785.4; 2234.0; 1342.8; 3133.7; 4466.8
2148.0; 79.043; -35.7; 1283.1; 1548.4; -35.7; 2971.4; 3636.2; 1584.3; 1724.1; 2341.5; 1584.3; 2877.7; 4429.3
2151.0; 79.285; -35.7; 1141.1; 1674.8; -35.7; 2333.5; 3383.3; 2125.8; 1507.7; 2606.2; 2125.8; 2241.9; 4314.7
2154.0; 79.510; -35.7; 897.9; 1883.2; -35.7; 1454.6; 3023.7; 2781.5; 1075.6; 2982.2; 2781.5; 1383.6; 4122.6
2157.0; 79.719; -35.7; 476.9; 2138.8; -35.7; 588.7; 2643.3; 3344.9; 501.6; 3382.3; 3344.9; 559.1; 3886.8
2160.0; 79.911; -35.7; 22.1; 2379.9; -35.7; 22.2; 2391.5; 3459.2; 2.2; 3654.3; 3459.2; 2.2; 3665.8
2163.0; 80.088; -35.7; -497.3; 2631.7; -35.7; -412.3; 2172.6; 3398.6; -537.8; 3892.5; 3398.6; -487.2; 3433.4
2166.0; 80.252; -35.7; -1305.2; 3014.3; -35.7; -855.0; 1935.4; 2881.0; -1337.6; 4145.3; 2881.0; -1050.1; 3066.4
2169.0; 80.408; -35.7; -2154.4; 3378.2; -35.7; -1153.8; 1733.3; 2283.7; -2162.3; 4359.0; 2283.7; -1466.6; 2714.0
2172.0; 80.559; -35.7; -2744.3; 3626.1; -35.7; -1299.3; 1612.3; 1812.4; -2768.3; 4488.3; 1812.4; -1684.7; 2474.5
2175.0; 80.706; -35.7; -3023.1; 3754.4; -35.7; -1352.2; 1559.5; 1537.6; -3105.8; 4547.6; 1537.6; -1780.7; 2352.7
2178.0; 80.850; -35.7; -3103.8; 3801.9; -35.7; -1364.0; 1544.7; 1428.9; -3239.1; 4568.0; 1428.9; -1816.1; 2310.9
2181.0; 80.991; -35.7; -3068.8; 3795.9; -35.7; -1356.7; 1551.1; 1447.9; -3227.0; 4567.4; 1447.9; -1816.1; 2322.6
2184.0; 81.131; -35.7; -2948.2; 3749.0; -35.7; -1335.8; 1574.0; 1565.8; -3101.1; 4551.0; 1565.8; -1787.0; 2375.9
2187.0; 81.270; -35.7; -2754.5; 3669.9; -35.7; -1300.1; 1612.8; 1753.0; -2888.5; 4519.9; 1753.0; -1729.9; 2462.8
2190.0; 81.410; -35.7; -2511.0; 3571.0; -35.7; -1249.5; 1664.4; 1972.6; -2627.5; 4477.6; 1972.6; -1648.8; 2571.0
2193.0; 81.550; -35.7; -2245.2; 3464.2; -35.7; -1185.6; 1724.3; 2197.0; -2352.1; 4428.6; 2197.0; -1549.9; 2688.7
2196.0; 81.688; -35.7; -1973.7; 3354.8; -35.7; -1110.1; 1789.6; 2416.1; -2076.0; 4375.9; 2416.1; -1436.1; 2810.7
2199.0; 81.826; -35.7; -1703.4; 3244.5; -35.7; -1022.9; 1859.1; 2627.5; -1802.7; 4320.4; 2627.5; -1307.9; 2935.0
2202.0; 81.960; -35.7; -1440.4; 3135.0; -35.7; -924.6; 1931.7; 2828.4; -1536.6; 4263.2; 2828.4; -1167.7; 3059.9
2205.0; 82.091; -35.7; -1191.7; 3029.0; -35.7; -817.2; 2005.5; 3014.8; -1283.5; 4206.0; 3014.8; -1019.3; 3182.4
2208.0; 82.219; -35.7; -965.6; 2930.4; -35.7; -705.3; 2077.8; 3182.1; -1051.1; 4151.3; 3182.1; -869.3; 3298.7
2211.0; 82.344; -35.7; -776.2; 2845.9; -35.7; -599.3; 2143.4; 3322.2; -853.1; 4104.0; 3322.2; -730.6; 3401.5
2214.0; 82.465; -35.7; -648.8; 2789.1; -35.7; -521.0; 2192.6; 3420.2; -715.1; 4073.8; 3420.2; -627.5; 3477.3
2217.0; 82.584; -35.7; -612.7; 2776.1; -35.7; -498.3; 2213.1; 3459.2; -668.9; 4072.5; 3459.2; -591.7; 3509.4
2220.0; 82.699; -35.7; -633.4; 2792.8; -35.7; -512.5; 2213.8; 3459.2; -687.0; 4090.8; 3459.2; -605.8; 3511.8
2223.0; 82.812; -35.7; -649.0; 2808.8; -35.7; -522.8; 2214.9; 3459.2; -707.7; 4108.6; 3459.2; -622.2; 3514.7
2226.0; 82.922; -35.7; -666.7; 2825.0; -35.7; -534.5; 2215.9; 3459.2; -727.0; 4126.5; 3459.2; -637.2; 3517.4
2229.0; 83.030; -35.7; -684.5; 2841.0; -35.7; -546.3; 2216.9; 3459.2; -746.1; 4144.3; 3459.2; -652.0; 3520.1
2232.0; 83.136; -35.7; -702.1; 2857.0; -35.7; -557.9; 2217.9; 3459.2; -765.1; 4161.9; 3459.2; -666.6; 3522.8
2235.0; 83.239; -35.7; -719.6; 2872.8; -35.7; -569.3; 2218.9; 3459.2; -783.9; 4179.4; 3459.2; -681.0; 3525.6
2238.0; 83.341; -35.7; -737.0; 2888.5; -35.7; -580.6; 2220.0; 3459.2; -802.6; 4196.9; 3459.2; -695.3; 3528.4
2241.0; 83.441; -35.7; -754.3; 2904.1; -35.7; -591.7; 2221.1; 3459.2; -821.2; 4214.2; 3459.2; -709.3; 3531.2
2244.0; 83.539; -35.7; -771.6; 2919.7; -35.7; -602.7; 2222.3; 3459.2; -839.7; 4231.4; 3459.2; -723.3; 3534.0
2247.0; 83.636; -35.7; -788.7; 2935.1; -35.7; -613.5; 2223.5; 3459.2; -858.0; 4248.5; 3459.2; -737.0; 3536.8
2250.0; 83.731; -35.7; -722.8; 2920.9; -35.7; -572.0; 2254.2; 3459.2; -810.2; 4236.0; 3459.2; -702.8; 3569.3
2253.0; 83.825; -35.7; -586.5; 2875.2; -35.7; -482.7; 2316.4; 3459.2; -680.1; 4191.9; 3459.2; -603.7; 3633.2
2256.0; 83.918; -35.7; -433.5; 2816.4; -35.7; -374.2; 2391.7; 3459.2; -512.7; 4134.8; 3459.2; -468.3; 3710.1
2259.0; 84.009; -35.7; -302.0; 2766.4; -35.7; -272.2; 2465.1; 3430.8; -358.4; 4079.2; 3430.8; -336.1; 3778.0
2262.0; 84.099; -35.7; -203.2; 2731.9; -35.7; -189.4; 2527.1; 3385.4; -240.1; 4034.9; 3385.4; -229.9; 3830.0
2265.0; 84.188; -35.7; -134.6; 2711.0; -35.7; -128.5; 2574.5; 3342.4; -158.1; 4004.7; 3342.4; -153.6; 3868.2
2268.0; 84.275; -35.7; -89.7; 2701.2; -35.7; -86.9; 2610.1; 3301.8; -104.5; 3986.1; 3301.8; -102.5; 3895.0
2271.0; 84.362; -35.7; -61.3; 2699.2; -35.7; -60.0; 2637.0; 3263.2; -70.9; 3975.9; 3263.2; -70.0; 3913.6
2274.0; 84.448; -35.7; -44.0; 2702.5; -35.7; -43.4; 2657.9; 3226.6; -50.5; 3971.4; 3226.6; -50.0; 3926.8
2277.0; 84.533; -35.7; -33.8; 2709.0; -35.7; -33.4; 2674.8; 3191.7; -38.5; 3970.6; 3191.7; -38.3; 3936.4
2280.0; 84.617; -35.7; -27.9; 2717.5; -35.7; -27.7; 2689.2; 3158.5; -31.7; 3972.0; 3158.5; -31.5; 3943.8
2283.0; 84.700; -35.7; -24.8; 2727.0; -35.7; -24.6; 2701.9; 3126.8; -28.1; 3974.9; 3126.8; -27.9; 3949.9
2286.0; 84.782; -35.7; -23.2; 2737.0; -35.7; -23.0; 2713.6; 3096.4; -26.3; 3978.7; 3096.4; -26.1; 3955.2
2289.0; 84.863; -35.7; -22.6; 2747.2; -35.7; -22.4; 2724.4; 3067.4; -25.6; 3982.9; 3067.4; -25.5; 3960.1
2292.0; 84.944; -35.7; -22.5; 2757.5; -35.7; -22.4; 2734.7; 3039.5; -25.5; 3987.5; 3039.5; -25.4; 3964.8
2295.0; 85.024; -35.7; -22.9; 2767.7; -35.7; -22.7; 2744.6; 3012.8; -25.9; 3992.3; 3012.8; -25.8; 3969.2
2298.0; 85.103; -35.7; -23.5; 2777.9; -35.7; -23.3; 2754.2; 2987.1; -26.6; 3997.3; 2987.1; -26.4; 3973.6
2301.0; 85.182; -35.7; -24.2; 2787.9; -35.7; -24.1; 2763.4; 2962.4; -27.4; 4002.4; 2962.4; -27.3; 3977.9
2304.0; 85.260; -35.7; -25.2; 2797.8; -35.7; -25.0; 2772.4; 2938.6; -28.5; 4007.5; 2938.6; -28.3; 3982.1
2307.0; 85.338; -35.7; -26.3; 2807.5; -35.7; -26.1; 2781.0; 2915.7; -29.7; 4012.7; 2915.7; -29.5; 3986.3
2310.0; 85.415; -35.7; -27.5; 2817.2; -35.7; -27.3; 2789.5; 2893.6; -31.0; 4018.0; 2893.6; -30.9; 3990.3
2313.0; 85.491; -35.7; -28.9; 2826.7; -35.7; -28.6; 2797.6; 2872.3; -32.6; 4023.4; 2872.3; -32.4; 3994.3
2316.0; 85.567; -35.7; -30.4; 2836.1; -35.7; -30.1; 2805.5; 2851.7; -34.3; 4028.9; 2851.7; -34.1; 3998.3
2319.0; 85.642; -35.7; -32.1; 2845.5; -35.7; -31.8; 2813.2; 2831.8; -36.2; 4034.4; 2831.8; -35.9; 4002.1
2322.0; 85.716; -35.7; -34.0; 2854.8; -35.7; -33.6; 2820.6; 2812.5; -38.2; 4040.0; 2812.5; -38.0; 4005.8
2325.0; 85.791; -35.7; -36.0; 2864.0; -35.7; -35.6; 2827.8; 2793.9; -40.5; 4045.7; 2793.9; -40.2; 4009.5
2328.0; 85.864; -35.7; -38.2; 2873.2; -35.7; -37.8; 2834.8; 2775.8; -43.0; 4051.4; 2775.8; -42.6; 4013.0
